ID_Employe,Age,Sexe,Departement,Annees_Experience,Niveau_Etudes,Salaire_Mensuel_BIF,Travail_A_Distance,Heures_Supplementaires,Heures_Formation,Anciennete_Entreprise,Nombre_Promotions,Evaluation_Performance,Equilibre_Vie_Travail,Satisfaction_Salaire,Nombre_Absences,Satisfait,Departement_Administration,Departement_Commercial,Departement_Finance,Departement_Informatique,Departement_Logistique,Departement_Marketing,Departement_Production,Departement_Recherche et Développement,Departement_Ressources Humaines,Departement_Support Client
192,-1.5047650666014425,Homme,Informatique,0.0,Licence,-1.1391029161628692,Non,0.12024450597173755,0.5676582165282199,0.0,1.0,4.0,1.0,3.0,-1.1984183561016146,1,0.0,0.0,0.0,1.0,0.0,0.0,0.0,0.0,0.0,0.0
281,0.03286328688298834,Homme,Finance,13.0,Licence,0.012164619119581868,Oui,-1.6424757774048222,1.4742581519763551,4.0,0.0,2.0,2.0,3.0,0.22245783853946088,1,0.0,0.0,1.0,0.0,0.0,0.0,0.0,0.0,0.0,0.0
488,0.8871012610410054,Femme,Logistique,1.0,Secondaire,-1.238136158134515,Oui,-1.4662037490671662,1.1233162414803026,0.0,0.0,5.0,0.0,3.0,1.2881149845202675,0,0.0,0.0,0.0,0.0,1.0,0.0,0.0,0.0,0.0,0.0
470,-0.9067984846908305,Femme,Finance,12.0,Licence,0.4516228246876088,Non,-0.5848436073788863,0.6261485349442286,1.0,0.0,5.0,1.0,2.0,-0.014354860567385028,0,0.0,0.0,1.0,0.0,0.0,0.0,0.0,0.0,0.0,0.0
189,0.8871012610410054,Femme,Commercial,12.0,Licence,0.28807213041234886,Non,-1.2899317207295102,0.9478452862322766,7.0,3.0,5.0,3.0,2.0,4.921082158802247e-05,1,0.0,1.0,0.0,0.0,0.0,0.0,0.0,0.0,0.0,0.0
14,0.20371088171459176,Femme,Support Client,25.0,Master,1.3800604058499724,Non,1.7066927610106413,1.2987871967283289,20.0,4.0,4.0,2.0,4.0,-0.6063866083344998,1,0.0,0.0,0.0,0.0,0.0,0.0,0.0,0.0,0.0,1.0
382,0.3745584765461952,Homme,Recherche et Développement,5.0,Master,-0.22036179296462235,Oui,1.1778766759976733,-0.5436578333759458,5.0,0.0,2.894845360824742,3.0,2.0,-1.4352310552084604,1,0.0,0.0,0.0,0.0,0.0,0.0,0.0,1.0,0.0,0.0
297,-1.5047650666014425,Femme,Commercial,0.0,Secondaire,-1.224383737124113,Non,0.12024450597173755,-0.075735286047876,0.0,1.0,5.0,3.0,2.0,-0.48798025878107687,1,0.0,1.0,0.0,0.0,0.0,0.0,0.0,0.0,0.0,0.0
123,-0.5651032950276236,Femme,Recherche et Développement,4.0,Licence,-0.6495068032296348,Non,1.1778766759976733,0.09973566920015016,2.0,0.0,2.894845360824742,0.0,0.0,-1.4352310552084604,0,0.0,0.0,0.0,0.0,0.0,0.0,0.0,1.0,0.0,0.0
11,0.20371088171459176,Homme,Support Client,13.0,Licence,-0.15746926482352636,Non,1.3541487043353293,-1.1578061767440373,5.350515463917525,0.0,3.0,1.0,0.0,0.9328959358599986,0,0.0,0.0,0.0,0.0,0.0,0.0,0.0,0.0,0.0,1.0
259,1.1433726532884105,Femme,Informatique,3.0,Master,-0.5998860278363778,Non,-0.7611156357165423,0.12898082840815453,1.0,1.0,3.0,3.0,1.0,-0.6063866083344998,1,0.0,0.0,0.0,1.0,0.0,0.0,0.0,0.0,0.0,0.0
349,0.11828708429879005,Homme,Marketing,7.0,Licence,-0.4271737849360118,Oui,-0.5848436073788863,-0.5144126741679413,1.0,0.0,1.0,0.0,1.0,-1.0800120065481915,0,0.0,0.0,0.0,0.0,0.0,1.0,0.0,0.0,0.0,0.0
377,-0.3942557001960202,Femme,Administration,7.0,Licence,-0.7777275146574193,Non,-1.2017957065606821,-1.0700706991200242,6.0,0.0,2.0,1.0,0.0,0.10405148898603793,0,1.0,0.0,0.0,0.0,0.0,0.0,0.0,0.0,0.0,0.0
264,-1.6756126614330458,Femme,Administration,2.0,Licence,-0.9276515810570177,Non,0.6490605909847055,0.4214324204881981,2.0,1.0,2.0,4.0,2.0,0.5776768871997298,1,1.0,0.0,0.0,0.0,0.0,0.0,0.0,0.0,0.0,0.0
364,-1.1630698769382355,Femme,Production,4.0,Master,-0.7824845724684274,Non,-1.4662037490671662,0.012000191576137085,1.0,1.0,1.0,1.0,1.0,0.6960832367531526,0,0.0,0.0,0.0,0.0,0.0,0.0,1.0,0.0,0.0,0.0
282,0.03286328688298834,Femme,Production,1.0,Secondaire,-1.2119111747047853,Non,-0.40857157904123037,1.1233162414803026,0.0,1.0,3.0,3.0,3.0,1.6433340331805364,1,0.0,0.0,0.0,0.0,0.0,0.0,1.0,0.0,0.0,0.0
343,-0.13798430794861508,Homme,Support Client,10.8,Secondaire,-0.5325509247211248,Non,-0.7611156357165423,-1.6549738832801113,1.0,1.0,1.0,2.0,1.0,0.45927053764630676,0,0.0,0.0,0.0,0.0,0.0,0.0,0.0,0.0,0.0,1.0
29,-0.47967949761182194,Homme,Administration,6.0,Licence,-0.7552393951752986,Non,-0.40857157904123037,-1.3332771319920635,6.0,0.0,3.0,1.0,4.0,1.1697086349668444,0,1.0,0.0,0.0,0.0,0.0,0.0,0.0,0.0,0.0,0.0
34,0.024056709829812936,Homme,Recherche et Développement,22.0,Licence,1.6014430512403044,Oui,0.6490605909847055,1.561993629600368,14.0,1.2,1.0,2.0,1.0,0.22245783853946088,0,0.0,0.0,0.0,0.0,0.0,0.0,0.0,1.0,0.0,0.0
363,0.9725250584568071,Homme,Marketing,21.0,Licence,0.8883823588335118,Non,-1.3780677348983381,-0.4559223557519327,7.0,3.0,5.0,1.0,0.0,1.5249276836271133,0,0.0,0.0,0.0,0.0,0.0,1.0,0.0,0.0,0.0,0.0
340,-0.7359508898592271,Homme,Commercial,2.0,Master,-0.8603320578254251,Non,0.2965165343093935,0.12898082840815453,1.0,0.0,4.0,2.0,1.0,0.8144895863065756,0,0.0,1.0,0.0,0.0,0.0,0.0,0.0,0.0,0.0,0.0
130,-1.5047650666014425,Homme,Production,4.0,Secondaire,-1.0789818762151588,Non,0.12024450597173755,-0.2804514005039065,4.0,2.0,1.0,3.0,3.0,-0.3695739092276539,1,0.0,0.0,0.0,0.0,0.0,0.0,1.0,0.0,0.0,0.0
272,-0.6505270924434253,Homme,Administration,9.0,Licence,-0.434742146198649,Non,-0.1441635365347464,1.70821942564039,5.0,2.0,3.0,3.0,2.0,1.5249276836271133,1,1.0,0.0,0.0,0.0,0.0,0.0,0.0,0.0,0.0,0.0
46,-1.2484936743540374,Femme,Production,7.0,Master,-0.3406563828383062,Non,-1.1136596923918543,0.041245350784141446,6.0,2.0,2.0,1.0,0.0,0.9328959358599986,0,0.0,0.0,0.0,0.0,0.0,0.0,1.0,0.0,0.0,0.0
169,0.8871012610410054,Femme,Informatique,20.0,Secondaire,0.5160658397692892,Non,1.4422847185041574,1.5912387888083726,10.0,4.0,2.894845360824742,3.0,4.0,0.3408641880928838,1,0.0,0.0,0.0,1.0,0.0,0.0,0.0,0.0,0.0,0.0
502,-0.05256051053281337,Homme,Logistique,18.0,Licence,0.41508857453644904,Oui,1.7066927610106413,-1.8011996793201333,16.0,4.0,4.0,2.0,2.0,1.0513022854134215,0,0.0,0.0,0.0,0.0,1.0,0.0,0.0,0.0,0.0,0.0
222,-0.3088319027802185,Homme,Administration,14.0,Licence,0.012164619119581868,Oui,1.4422847185041574,-0.030571112343143542,11.0,1.0,1.0,2.0,3.0,-1.5536374047618835,1,1.0,0.0,0.0,0.0,0.0,0.0,0.0,0.0,0.0,0.0
4,-1.1630698769382355,Femme,Production,3.0,Licence,-0.9561073730138406,Non,-0.4967075932100583,1.386522674352342,2.0,0.0,5.0,2.0,0.0,0.10405148898603793,0,0.0,0.0,0.0,0.0,0.0,0.0,1.0,0.0,0.0,0.0
280,-0.8213746872750287,Homme,Production,9.0,Secondaire,-0.6165668899422267,Non,0.5609245768158775,-1.128561017536033,7.0,2.0,5.0,3.0,4.0,-0.48798025878107687,1,0.0,0.0,0.0,0.0,0.0,0.0,1.0,0.0,0.0,0.0
409,-1.4193412691856406,Homme,Commercial,0.0,Licence,-1.1461225193010196,Non,-1.3780677348983381,1.0355807638562897,0.0,1.0,2.0,3.0,1.0,-0.014354860567385028,1,0.0,1.0,0.0,0.0,0.0,0.0,0.0,0.0,0.0,0.0
147,-0.13798430794861508,Homme,Recherche et Développement,17.0,Master,1.2021617927888422,Non,-1.6424757774048222,0.9478452862322766,3.0,1.0,5.0,2.0,3.0,-0.25116755967423093,1,0.0,0.0,0.0,0.0,0.0,0.0,0.0,1.0,0.0,0.0
395,-1.4193412691856406,Femme,Administration,1.0,Licence,-1.1132489647773507,Non,0.20838052014056554,0.39218726128019377,1.0,1.0,4.0,4.0,3.0,1.1697086349668444,1,1.0,0.0,0.0,0.0,0.0,0.0,0.0,0.0,0.0,0.0
345,-1.1630698769382355,Femme,Marketing,5.0,Master,-0.29531834435350396,Oui,-1.2899317207295102,-1.128561017536033,2.0,0.0,2.0,2.0,4.0,1.6433340331805364,0,0.0,0.0,0.0,0.0,0.0,1.0,0.0,0.0,0.0,0.0
162,0.45998227396199687,Homme,Informatique,21.0,Doctorat,1.988563344945649,Oui,-1.3780677348983381,-1.216296495160046,15.0,1.0,3.0,3.0,4.0,0.6960832367531526,1,0.0,0.0,0.0,1.0,0.0,0.0,0.0,0.0,0.0,0.0
482,1.2287964507042122,Homme,Administration,10.8,Licence,0.2931015476710516,Oui,1.2660126901665014,1.4450129927683506,3.0,2.0,1.0,3.0,3.0,1.5249276836271133,1,1.0,0.0,0.0,0.0,0.0,0.0,0.0,0.0,0.0,0.0
73,0.20371088171459176,Homme,Production,12.0,Master,0.42838167749523015,Non,1.4422847185041574,-0.075735286047876,2.0,1.0,5.0,2.0,2.0,-0.014354860567385028,1,0.0,0.0,0.0,0.0,0.0,0.0,1.0,0.0,0.0,0.0
374,-0.7359508898592271,Homme,Production,6.0,Secondaire,-0.977169644624661,Non,-0.3204355648724024,-0.806864266247985,4.0,0.0,2.894845360824742,3.0,2.0,4.921082158802247e-05,0,0.0,0.0,0.0,0.0,0.0,0.0,1.0,0.0,0.0,0.0
105,1.314220248120014,Femme,Finance,13.0,Master,0.012164619119581868,Non,-1.0255236782230261,-0.4559223557519327,6.0,2.0,1.0,0.0,1.0,-0.25116755967423093,0,0.0,0.0,1.0,0.0,0.0,0.0,0.0,0.0,0.0,0.0
404,0.6308298687936003,Femme,Informatique,0.0,Licence,-1.0925894620107908,Oui,-1.2899317207295102,-0.30969655971191085,0.0,1.0,1.0,2.0,1.0,0.5776768871997298,1,0.0,0.0,0.0,1.0,0.0,0.0,0.0,0.0,0.0,0.0
352,0.024056709829812936,Homme,Logistique,18.0,Doctorat,1.6304175956197493,Non,0.3846525484782215,-1.0993158583280285,6.0,0.0,3.0,2.0,4.0,0.5776768871997298,1,0.0,0.0,0.0,0.0,1.0,0.0,0.0,0.0,0.0,0.0
119,-0.6505270924434253,Femme,Informatique,3.0,Licence,-0.6490653731925872,Non,1.7948287751794691,-0.9530900622880067,5.350515463917525,0.0,3.0,4.0,0.0,1.1697086349668444,0,0.0,0.0,0.0,1.0,0.0,0.0,0.0,0.0,0.0,0.0
113,1.314220248120014,Homme,Marketing,11.0,Licence,-0.34184449322560184,Non,0.6490605909847055,-0.48516751495993704,9.0,3.0,5.0,2.0,0.0,-0.3695739092276539,0,0.0,0.0,0.0,0.0,0.0,1.0,0.0,0.0,0.0,0.0
396,0.024056709829812936,Femme,Ressources Humaines,18.0,Licence,0.4200816387332773,Non,1.0016046476600173,-0.22196108208789778,11.0,0.0,1.0,0.0,2.0,0.8144895863065756,0,0.0,0.0,0.0,0.0,0.0,0.0,0.0,0.0,1.0,0.0
295,-1.4193412691856406,Femme,Recherche et Développement,1.0,Secondaire,0.012164619119581868,Oui,1.4422847185041574,0.7723743309842505,1.0,0.0,5.0,2.0,3.0,-0.48798025878107687,1,0.0,0.0,0.0,0.0,0.0,0.0,0.0,1.0,0.0,0.0
97,-1.2484936743540374,Homme,Finance,4.0,Licence,-0.7975428185426711,Non,-1.554339763235994,-0.894599743871998,2.0,0.0,4.0,3.0,4.0,1.7617403827339593,1,0.0,0.0,1.0,0.0,0.0,0.0,0.0,0.0,0.0,0.0
391,1.5704916403674192,Homme,Finance,1.0,Master,-0.922791811420396,Oui,1.2660126901665014,-0.19271592287989342,0.0,0.0,2.0,2.0,4.0,0.22245783853946088,1,0.0,0.0,1.0,0.0,0.0,0.0,0.0,0.0,0.0,0.0
498,-0.13798430794861508,Homme,Commercial,18.0,Doctorat,1.9504716834611668,Non,0.3846525484782215,1.5035033111843594,8.0,3.0,5.0,3.0,3.0,-1.4352310552084604,1,0.0,1.0,0.0,0.0,0.0,0.0,0.0,0.0,0.0,0.0
160,-1.333917471769839,Homme,Logistique,6.0,Licence,-0.7070623556679151,Non,0.03210849180290957,-1.5672384056560984,5.350515463917525,1.0,2.0,0.0,3.0,0.45927053764630676,0,0.0,0.0,0.0,0.0,1.0,0.0,0.0,0.0,0.0,0.0
224,-1.7610364588488476,Homme,Support Client,2.0,Licence,-1.141063096340452,Oui,-1.4662037490671662,0.7138840125682417,2.0,1.0,4.0,3.0,3.0,1.7617403827339593,1,0.0,0.0,0.0,0.0,0.0,0.0,0.0,0.0,0.0,1.0
499,0.2891346791303935,Homme,Marketing,7.0,Secondaire,-0.6148629122959499,Oui,-1.4662037490671662,-0.6313933109999588,0.0,0.0,5.0,2.0,2.0,-0.9616056569947686,1,0.0,0.0,0.0,0.0,0.0,1.0,0.0,0.0,0.0,0.0
358,0.03286328688298834,Homme,Recherche et Développement,23.0,Licence,1.489374639939368,Non,1.5304207326729853,0.09973566920015016,20.0,1.0,5.0,2.0,0.0,-1.6720437543153064,0,0.0,0.0,0.0,0.0,0.0,0.0,0.0,1.0,0.0,0.0
298,1.1433726532884105,Femme,Finance,7.0,Licence,-0.1474450522698108,Non,-0.05602752236591842,-1.0700706991200242,3.0,1.2,1.0,0.0,1.0,-0.7247929578879228,0,0.0,0.0,1.0,0.0,0.0,0.0,0.0,0.0,0.0,0.0
441,-0.8213746872750287,Homme,Informatique,2.0,Secondaire,-0.9721079135331809,Oui,-0.7611156357165423,0.7138840125682417,1.0,1.0,5.0,3.0,2.0,-0.48798025878107687,1,0.0,0.0,0.0,1.0,0.0,0.0,0.0,0.0,0.0,0.0
344,-1.7610364588488476,Homme,Recherche et Développement,2.0,Master,-0.7845214979988565,Oui,0.12024450597173755,0.5091678981122112,2.0,1.0,2.0,3.0,3.0,-0.9616056569947686,1,0.0,0.0,0.0,0.0,0.0,0.0,0.0,1.0,0.0,0.0
47,-1.1630698769382355,Femme,Ressources Humaines,9.0,Master,0.25175542159970804,Non,-1.2017957065606821,1.6204839480163769,5.0,0.0,1.0,2.0,3.0,1.7617403827339593,0,0.0,0.0,0.0,0.0,0.0,0.0,0.0,0.0,1.0,0.0
152,1.4850678429516173,Femme,Production,32.0,Secondaire,0.4764525429806309,Non,-1.1136596923918543,-0.8653545846639937,1.0,0.0,1.0,3.0,3.0,1.5249276836271133,1,0.0,0.0,0.0,0.0,0.0,0.0,1.0,0.0,0.0,0.0
22,-0.05256051053281337,Homme,Administration,20.0,Master,1.1259496181834694,Oui,-0.6729796215477143,1.0063356046482852,1.0,1.0,1.0,4.0,2.0,-1.3168247056550375,1,1.0,0.0,0.0,0.0,0.0,0.0,0.0,0.0,0.0,0.0
260,0.2891346791303935,Homme,Informatique,7.0,Master,0.11852202686233759,Non,0.9134686334911895,-0.5144126741679413,0.0,0.0,1.0,2.0,2.0,1.4065213340736904,0,0.0,0.0,0.0,1.0,0.0,0.0,0.0,0.0,0.0,0.0
68,0.11828708429879005,Homme,Ressources Humaines,9.0,Licence,-0.27021049628550536,Oui,-0.2322995507035744,-0.30969655971191085,3.0,2.0,5.0,2.0,1.0,-1.7904501038687293,1,0.0,0.0,0.0,0.0,0.0,0.0,0.0,0.0,1.0,0.0
221,1.4850678429516173,Homme,Ressources Humaines,10.8,Master,1.988563344945649,Non,-0.8492516498853703,-1.1870513359520416,21.0,3.0,5.0,1.0,3.0,0.10405148898603793,0,0.0,0.0,0.0,0.0,0.0,0.0,0.0,0.0,1.0,0.0
41,0.024056709829812936,Homme,Administration,9.0,Licence,-0.2082435286403891,Non,-0.4967075932100583,-0.3389417189199152,2.0,0.0,2.0,3.0,3.0,0.10405148898603793,1,1.0,0.0,0.0,0.0,0.0,0.0,0.0,0.0,0.0,0.0
408,0.716253666209402,Homme,Logistique,14.0,Master,0.5469797911481032,Non,-1.6424757774048222,1.064825923064294,9.0,0.0,3.0,3.0,0.0,1.0513022854134215,0,0.0,0.0,0.0,0.0,1.0,0.0,0.0,0.0,0.0,0.0
425,0.8016774636252038,Femme,Recherche et Développement,10.8,Master,0.4607359025635488,Oui,-0.05602752236591842,-0.030571112343143542,0.0,0.0,2.0,3.0,3.0,-1.6720437543153064,1,0.0,0.0,0.0,0.0,0.0,0.0,0.0,1.0,0.0,0.0
270,-1.5047650666014425,Femme,Informatique,1.0,Secondaire,-1.115092584343844,Non,-0.020591392957833063,0.4214324204881981,0.0,1.0,2.0,2.0,1.0,-0.7247929578879228,0,0.0,0.0,0.0,1.0,0.0,0.0,0.0,0.0,0.0,0.0
9,-0.9067984846908305,Homme,Commercial,6.0,Licence,-0.38299558223482505,Oui,-0.1441635365347464,0.7138840125682417,1.0,1.0,3.0,3.0,1.0,1.2881149845202675,0,0.0,1.0,0.0,0.0,0.0,0.0,0.0,0.0,0.0,0.0
387,-1.7610364588488476,Femme,Commercial,2.0,Licence,-0.9193198054950157,Oui,-0.5848436073788863,-0.57290299258395,1.0,1.0,4.0,4.0,2.0,1.0513022854134215,1,0.0,1.0,0.0,0.0,0.0,0.0,0.0,0.0,0.0,0.0
238,-1.4193412691856406,Femme,Logistique,3.0,Secondaire,-1.106470561319574,Non,-0.1441635365347464,-1.5379932464480939,1.0,0.0,4.0,1.0,0.0,0.22245783853946088,0,0.0,0.0,0.0,0.0,1.0,0.0,0.0,0.0,0.0,0.0
490,-0.8213746872750287,Femme,Support Client,4.0,Secondaire,-1.1466614678691274,Non,-0.7611156357165423,1.5912387888083726,5.350515463917525,1.0,2.0,2.0,3.0,-0.9616056569947686,1,0.0,0.0,0.0,0.0,0.0,0.0,0.0,0.0,0.0,1.0
217,-1.2484936743540374,Femme,Ressources Humaines,2.0,Licence,-1.0144725023697392,Oui,-0.2322995507035744,-0.39743203733592397,2.0,0.0,2.0,0.0,4.0,-0.8431993074413457,1,0.0,0.0,0.0,0.0,0.0,0.0,0.0,0.0,1.0,0.0
48,1.1433726532884105,Homme,Production,8.0,Licence,-0.6258288422620338,Non,-0.020591392957833063,1.561993629600368,8.0,3.0,3.0,3.0,2.0,-1.5536374047618835,1,0.0,0.0,0.0,0.0,0.0,0.0,1.0,0.0,0.0,0.0
334,1.4850678429516173,Homme,Marketing,16.0,Master,1.2306672095602875,Non,0.2965165343093935,1.0063356046482852,0.0,0.0,3.0,4.0,0.0,0.45927053764630676,0,0.0,0.0,0.0,0.0,0.0,1.0,0.0,0.0,0.0,0.0
1,1.4850678429516173,Homme,Marketing,12.0,Licence,0.14446888051709086,Oui,-0.5848436073788863,0.9770904454402809,8.0,0.0,3.0,3.0,1.0,0.10405148898603793,1,0.0,0.0,0.0,0.0,0.0,1.0,0.0,0.0,0.0,0.0
357,0.2891346791303935,Femme,Informatique,26.0,Secondaire,0.012164619119581868,Non,-0.2322995507035744,0.5676582165282199,26.0,4.0,2.0,3.0,1.0,-1.3168247056550375,1,0.0,0.0,0.0,1.0,0.0,0.0,0.0,0.0,0.0,0.0
223,1.5704916403674192,Femme,Logistique,26.0,Master,1.5337778854045399,Oui,0.12024450597173755,0.18747114682416324,12.0,2.0,2.0,4.0,3.0,1.6433340331805364,0,0.0,0.0,0.0,0.0,1.0,0.0,0.0,0.0,0.0,0.0
117,-1.4193412691856406,Homme,Production,10.8,Licence,-1.142562804400958,Oui,-0.5848436073788863,1.2402968783123203,1.0,1.0,3.0,2.0,0.0,-1.6720437543153064,0,0.0,0.0,0.0,0.0,0.0,0.0,1.0,0.0,0.0,0.0
226,0.5454060713777986,Femme,Logistique,19.0,Master,0.8338619985453894,Non,1.1778766759976733,-0.6021481517919545,11.0,1.2,5.0,1.0,3.0,-1.7904501038687293,1,0.0,0.0,0.0,0.0,1.0,0.0,0.0,0.0,0.0,0.0
276,-1.2484936743540374,Femme,Marketing,0.0,Licence,-1.1221808543766463,Non,-0.8492516498853703,1.1525614006883071,0.0,1.0,1.0,1.0,1.0,4.921082158802247e-05,0,0.0,0.0,0.0,0.0,0.0,1.0,0.0,0.0,0.0,0.0
304,1.1433726532884105,Homme,Production,21.0,Licence,0.33142690741044145,Non,0.4727885626470495,1.70821942564039,15.0,3.0,2.894845360824742,3.0,4.0,0.3408641880928838,1,0.0,0.0,0.0,0.0,0.0,0.0,1.0,0.0,0.0,0.0
227,0.024056709829812936,Homme,Production,24.0,Secondaire,0.11819542633819512,Non,-0.6729796215477143,-0.2804514005039065,1.0,1.0,2.0,2.0,2.0,-0.48798025878107687,1,0.0,0.0,0.0,0.0,0.0,0.0,1.0,0.0,0.0,0.0
31,-1.5901888640172441,Homme,Production,1.0,Secondaire,-1.2466087296821897,Non,-0.40857157904123037,0.5091678981122112,0.0,1.0,1.0,4.0,0.0,-0.25116755967423093,1,0.0,0.0,0.0,0.0,0.0,0.0,1.0,0.0,0.0,0.0
496,0.716253666209402,Femme,Informatique,2.0,Secondaire,-0.9840992306572175,Oui,-0.40857157904123037,-1.0993158583280285,0.0,1.0,2.0,3.0,1.0,1.5249276836271133,0,0.0,0.0,0.0,1.0,0.0,0.0,0.0,0.0,0.0,0.0
492,0.11828708429879005,Femme,Commercial,7.0,Master,-0.16269487320980588,Non,1.5304207326729853,-0.030571112343143542,5.0,2.0,2.0,3.0,3.0,0.8144895863065756,1,0.0,1.0,0.0,0.0,0.0,0.0,0.0,0.0,0.0,0.0
459,-0.3942557001960202,Homme,Finance,10.0,Master,0.012164619119581868,Oui,0.4727885626470495,-0.5436578333759458,10.0,4.0,2.0,3.0,3.0,0.22245783853946088,1,0.0,0.0,1.0,0.0,0.0,0.0,0.0,0.0,0.0,0.0
400,0.3745584765461952,Femme,Informatique,5.0,Doctorat,0.4204740209884308,Non,1.2660126901665014,-0.10498044525588035,2.0,1.0,2.894845360824742,0.0,3.0,4.921082158802247e-05,0,0.0,0.0,0.0,1.0,0.0,0.0,0.0,0.0,0.0,0.0
385,-0.8213746872750287,Homme,Informatique,11.0,Doctorat,0.012164619119581868,Non,0.20838052014056554,0.0704905099921458,5.0,2.0,2.0,2.0,2.0,-0.3695739092276539,0,0.0,0.0,0.0,1.0,0.0,0.0,0.0,0.0,0.0,0.0
146,0.5454060713777986,Homme,Logistique,9.0,Licence,-0.47304673275982484,Non,1.6185567468418132,-1.304031972784059,8.0,1.0,5.0,3.0,3.0,-1.4352310552084604,1,0.0,0.0,0.0,0.0,1.0,0.0,0.0,0.0,0.0,0.0
228,0.11828708429879005,Femme,Marketing,5.0,Doctorat,-0.057367358239315346,Oui,-1.0255236782230261,0.9770904454402809,1.0,0.0,2.0,3.0,2.0,-1.0800120065481915,1,0.0,0.0,0.0,0.0,0.0,1.0,0.0,0.0,0.0,0.0
506,-0.05256051053281337,Homme,Production,10.0,Master,0.01896945543534148,Non,-0.05602752236591842,0.4214324204881981,0.0,0.0,1.0,3.0,2.0,-0.3695739092276539,1,0.0,0.0,0.0,0.0,0.0,0.0,1.0,0.0,0.0,0.0
350,-0.5651032950276236,Femme,Recherche et Développement,16.0,Licence,0.9973694153660368,Oui,-0.40857157904123037,-1.450257768824081,8.0,1.0,1.0,3.0,1.0,-0.9616056569947686,0,0.0,0.0,0.0,0.0,0.0,0.0,0.0,1.0,0.0,0.0
81,-1.2484936743540374,Homme,Production,6.0,Secondaire,-0.7236907077955009,Non,-1.4662037490671662,-1.7134642016961201,5.0,2.0,3.0,3.0,1.0,-0.014354860567385028,0,0.0,0.0,0.0,0.0,0.0,0.0,1.0,0.0,0.0,0.0
388,0.024056709829812936,Homme,Marketing,5.0,Secondaire,-0.8496079045724432,Oui,-0.4967075932100583,1.6497291072243812,5.350515463917525,1.0,3.0,3.0,0.0,-1.4352310552084604,1,0.0,0.0,0.0,0.0,0.0,1.0,0.0,0.0,0.0,0.0
158,-1.5901888640172441,Homme,Marketing,4.0,Licence,-0.5664013956535802,Non,-0.3204355648724024,-1.0408255399120199,0.0,0.0,2.0,2.0,3.0,0.22245783853946088,1,0.0,0.0,0.0,0.0,0.0,1.0,0.0,0.0,0.0,0.0
142,0.5454060713777986,Homme,Finance,4.0,Licence,-0.6156857609663159,Oui,-1.2899317207295102,-1.128561017536033,2.0,0.0,4.0,0.0,0.0,0.8144895863065756,0,0.0,0.0,1.0,0.0,0.0,0.0,0.0,0.0,0.0,0.0
196,0.20371088171459176,Femme,Production,7.0,Licence,-0.44165672938027306,Oui,-1.3780677348983381,0.8893549678162679,6.0,1.0,1.0,1.0,1.0,-0.9616056569947686,1,0.0,0.0,0.0,0.0,0.0,0.0,1.0,0.0,0.0,0.0
140,-1.2484936743540374,Homme,Commercial,1.0,Master,-0.9624795454309879,Non,0.4727885626470495,-0.5436578333759458,0.0,1.2,2.0,2.0,4.0,-0.25116755967423093,1,0.0,1.0,0.0,0.0,0.0,0.0,0.0,0.0,0.0,0.0
122,-1.0776460795224339,Homme,Marketing,9.0,Master,0.3640459905009887,Oui,1.2660126901665014,0.3629421020721894,8.0,0.0,4.0,0.0,1.0,-0.014354860567385028,0,0.0,0.0,0.0,0.0,0.0,1.0,0.0,0.0,0.0,0.0
283,0.716253666209402,Homme,Ressources Humaines,16.0,Licence,0.49916224303036777,Oui,-1.6424757774048222,-0.030571112343143542,6.0,0.0,3.0,3.0,0.0,-1.0800120065481915,1,0.0,0.0,0.0,0.0,0.0,0.0,0.0,0.0,1.0,0.0
509,-1.0776460795224339,Femme,Finance,8.0,Secondaire,-0.6507756981988738,Non,1.6185567468418132,0.8601098086082635,0.0,1.0,1.0,2.0,3.0,1.0513022854134215,0,0.0,0.0,1.0,0.0,0.0,0.0,0.0,0.0,0.0,0.0
328,-1.6756126614330458,Homme,Production,2.0,Licence,-1.0397932755144312,Non,-0.4967075932100583,1.4157678335603463,1.0,0.0,3.0,2.0,2.0,-0.014354860567385028,1,0.0,0.0,0.0,0.0,0.0,0.0,1.0,0.0,0.0,0.0
59,0.3745584765461952,Homme,Production,16.0,Master,0.4708160872918965,Oui,0.20838052014056554,-0.6313933109999588,5.0,0.0,1.0,2.0,1.0,-1.0800120065481915,0,0.0,0.0,0.0,0.0,0.0,0.0,1.0,0.0,0.0,0.0
2,0.6308298687936003,Femme,Marketing,10.8,Master,1.988563344945649,Non,-0.6729796215477143,-0.39743203733592397,10.0,4.0,1.0,2.0,3.0,-0.8431993074413457,0,0.0,0.0,0.0,0.0,0.0,1.0,0.0,0.0,0.0,0.0
322,0.20371088171459176,Homme,Commercial,18.0,Doctorat,1.988563344945649,Oui,0.5609245768158775,-0.16347076367188906,17.0,2.0,2.0,3.0,3.0,0.22245783853946088,1,0.0,1.0,0.0,0.0,0.0,0.0,0.0,0.0,0.0,0.0
406,0.5454060713777986,Homme,Ressources Humaines,16.0,Master,1.289620335266188,Oui,0.9134686334911895,-0.7483739478319763,7.0,1.2,5.0,2.0,4.0,-0.9616056569947686,1,0.0,0.0,0.0,0.0,0.0,0.0,0.0,0.0,1.0,0.0
366,1.4850678429516173,Homme,Production,5.0,Secondaire,-0.9293001635613906,Non,1.7066927610106413,1.4157678335603463,0.0,0.0,1.0,2.0,3.0,-0.25116755967423093,0,0.0,0.0,0.0,0.0,0.0,0.0,1.0,0.0,0.0,0.0
257,1.1433726532884105,Homme,Administration,15.0,Master,1.1537868310556973,Non,-1.2017957065606821,-0.3389417189199152,5.350515463917525,1.0,5.0,2.0,0.0,-0.9616056569947686,0,1.0,0.0,0.0,0.0,0.0,0.0,0.0,0.0,0.0,0.0
410,-0.8213746872750287,Femme,Production,10.8,Secondaire,0.012164619119581868,Non,0.5609245768158775,1.064825923064294,8.0,0.0,1.0,1.0,3.0,-1.3168247056550375,1,0.0,0.0,0.0,0.0,0.0,0.0,1.0,0.0,0.0,0.0
180,0.5454060713777986,Femme,Informatique,9.0,Licence,0.3099128191734664,Oui,1.3541487043353293,-0.57290299258395,5.350515463917525,0.0,2.894845360824742,1.0,4.0,-0.6063866083344998,1,0.0,0.0,0.0,1.0,0.0,0.0,0.0,0.0,0.0,0.0
427,-0.2234081053644168,Femme,Logistique,1.0,Licence,-1.0998820016293642,Non,-1.73061179157365,-0.22196108208789778,0.0,1.0,1.0,3.0,3.0,-0.48798025878107687,1,0.0,0.0,0.0,0.0,1.0,0.0,0.0,0.0,0.0,0.0
112,1.1433726532884105,Femme,Support Client,10.0,Licence,-0.33315034111031105,Oui,0.3846525484782215,-0.4266771965439283,2.0,0.0,1.0,0.0,1.0,-1.7904501038687293,0,0.0,0.0,0.0,0.0,0.0,0.0,0.0,0.0,0.0,1.0
267,1.6559154377832208,Femme,Ressources Humaines,18.0,Master,1.3566801937701054,Non,0.6490605909847055,-1.5672384056560984,6.0,0.0,1.0,3.0,3.0,-0.9616056569947686,1,0.0,0.0,0.0,0.0,0.0,0.0,0.0,0.0,1.0,0.0
469,-1.5047650666014425,Homme,Informatique,0.0,Secondaire,-1.2158932775618652,Non,0.9134686334911895,-0.4266771965439283,0.0,0.0,3.0,1.0,2.0,-0.132761210120808,0,0.0,0.0,0.0,1.0,0.0,0.0,0.0,0.0,0.0,0.0
261,0.6308298687936003,Femme,Finance,3.0,Master,-0.36323798162239007,Non,-0.3204355648724024,-1.5964835648641027,1.0,1.2,5.0,2.0,0.0,4.921082158802247e-05,0,0.0,0.0,1.0,0.0,0.0,0.0,0.0,0.0,0.0,0.0
300,0.5454060713777986,Femme,Informatique,2.0,Doctorat,-0.5705623786563917,Non,1.7948287751794691,1.4450129927683506,0.0,0.0,3.0,1.0,1.0,1.6433340331805364,0,0.0,0.0,0.0,1.0,0.0,0.0,0.0,0.0,0.0,0.0
416,1.2287964507042122,Homme,Administration,12.0,Master,0.38416885283035335,Non,-0.020591392957833063,-0.25120624129590213,5.350515463917525,1.0,5.0,2.0,3.0,1.5249276836271133,1,1.0,0.0,0.0,0.0,0.0,0.0,0.0,0.0,0.0,0.0
448,-1.7610364588488476,Homme,Administration,0.0,Licence,-1.2099175266289686,Non,1.5304207326729853,1.2987871967283289,0.0,0.0,3.0,3.0,3.0,-0.132761210120808,1,1.0,0.0,0.0,0.0,0.0,0.0,0.0,0.0,0.0,0.0
13,-1.6756126614330458,Femme,Informatique,35.0,Licence,1.988563344945649,Non,1.0016046476600173,-1.0115803807040156,15.0,0.0,1.0,1.0,0.0,-0.132761210120808,0,0.0,0.0,0.0,1.0,0.0,0.0,0.0,0.0,0.0,0.0
84,-1.7610364588488476,Homme,Finance,0.0,Licence,-1.1310660043249603,Non,1.7948287751794691,0.9186001270242722,0.0,1.0,3.0,4.0,3.0,-1.0800120065481915,1,0.0,0.0,1.0,0.0,0.0,0.0,0.0,0.0,0.0,0.0
436,0.5454060713777986,Femme,Recherche et Développement,10.0,Master,0.5187692381007513,Oui,1.0897406618288454,0.0704905099921458,5.350515463917525,2.0,4.0,3.0,1.0,-1.3168247056550375,1,0.0,0.0,0.0,0.0,0.0,0.0,0.0,1.0,0.0,0.0
335,0.6308298687936003,Femme,Commercial,12.0,Licence,-0.1477658824666716,Oui,0.03210849180290957,0.1582259876161589,11.0,1.0,1.0,1.0,3.0,-0.7247929578879228,0,0.0,1.0,0.0,0.0,0.0,0.0,0.0,0.0,0.0,0.0
430,-1.4193412691856406,Femme,Logistique,3.0,Secondaire,-1.139593393981811,Non,-1.6424757774048222,0.655393694152233,3.0,1.2,2.0,0.0,3.0,-0.3695739092276539,0,0.0,0.0,0.0,0.0,1.0,0.0,0.0,0.0,0.0,0.0
101,1.057948855872609,Homme,Administration,19.0,Licence,0.6046946046193575,Non,-0.5848436073788863,-1.0115803807040156,7.0,0.0,5.0,2.0,2.0,4.921082158802247e-05,0,1.0,0.0,0.0,0.0,0.0,0.0,0.0,0.0,0.0,0.0
171,1.6559154377832208,Homme,Support Client,5.0,Secondaire,-1.053410093833714,Non,0.20838052014056554,-1.7719545201121287,5.0,2.0,3.0,3.0,3.0,0.45927053764630676,1,0.0,0.0,0.0,0.0,0.0,0.0,0.0,0.0,0.0,1.0
258,0.2891346791303935,Femme,Marketing,7.0,Licence,-0.4825596943163845,Non,0.4727885626470495,0.655393694152233,4.0,1.0,4.0,0.0,2.0,1.1697086349668444,0,0.0,0.0,0.0,0.0,0.0,1.0,0.0,0.0,0.0,0.0
194,-0.3942557001960202,Homme,Support Client,10.8,Secondaire,-1.2564534850574454,Non,-0.40857157904123037,1.4742581519763551,1.0,0.0,1.0,0.0,1.0,1.1697086349668444,0,0.0,0.0,0.0,0.0,0.0,0.0,0.0,0.0,0.0,1.0
151,0.2891346791303935,Homme,Commercial,22.0,Secondaire,0.3571389087448308,Non,-0.4967075932100583,-0.6021481517919545,7.0,3.0,4.0,3.0,0.0,-0.48798025878107687,1,0.0,1.0,0.0,0.0,0.0,0.0,0.0,0.0,0.0,0.0
386,-1.7610364588488476,Femme,Recherche et Développement,2.0,Secondaire,-1.1239367649684582,Oui,1.7066927610106413,-0.3389417189199152,2.0,1.0,5.0,3.0,3.0,-0.9616056569947686,1,0.0,0.0,0.0,0.0,0.0,0.0,0.0,1.0,0.0,0.0
195,1.3996440455358157,Femme,Support Client,27.0,Licence,1.3777655466900525,Non,-0.2322995507035744,-0.030571112343143542,12.0,2.0,3.0,3.0,4.0,0.5776768871997298,1,0.0,0.0,0.0,0.0,0.0,0.0,0.0,0.0,0.0,1.0
302,0.6308298687936003,Homme,Informatique,19.0,Master,1.4108289449812883,Non,1.1778766759976733,-0.6313933109999588,12.0,0.0,2.0,3.0,4.0,-1.1984183561016146,1,0.0,0.0,0.0,1.0,0.0,0.0,0.0,0.0,0.0,0.0
75,0.2891346791303935,Femme,Production,10.8,Licence,0.27452513305317433,Oui,-0.05602752236591842,-1.7134642016961201,12.0,5.0,4.0,2.0,0.0,1.1697086349668444,0,0.0,0.0,0.0,0.0,0.0,0.0,1.0,0.0,0.0,0.0
452,0.6308298687936003,Homme,Production,2.0,Secondaire,-1.1586764433350187,Non,0.12024450597173755,1.0063356046482852,0.0,1.0,4.0,0.0,2.0,-0.6063866083344998,0,0.0,0.0,0.0,0.0,0.0,0.0,1.0,0.0,0.0,0.0
338,0.2891346791303935,Femme,Ressources Humaines,3.0,Licence,-0.9018160947188006,Non,1.4422847185041574,1.0355807638562897,0.0,0.0,5.0,2.0,1.0,1.0513022854134215,0,0.0,0.0,0.0,0.0,0.0,0.0,0.0,0.0,1.0,0.0
250,0.20371088171459176,Femme,Ressources Humaines,18.0,Master,1.1644879029995527,Non,1.6185567468418132,0.12898082840815453,2.0,1.0,2.0,0.0,2.0,-0.6063866083344998,0,0.0,0.0,0.0,0.0,0.0,0.0,0.0,0.0,1.0,0.0
337,1.1433726532884105,Femme,Finance,24.0,Licence,1.633711298432126,Non,-0.5848436073788863,1.70821942564039,14.0,4.0,3.0,0.0,3.0,1.1697086349668444,1,0.0,0.0,1.0,0.0,0.0,0.0,0.0,0.0,0.0,0.0
178,-1.6756126614330458,Femme,Recherche et Développement,0.0,Secondaire,-1.2325106660676157,Non,-1.554339763235994,-1.7427093609041244,5.350515463917525,0.0,3.0,3.0,3.0,1.2881149845202675,0,0.0,0.0,0.0,0.0,0.0,0.0,0.0,1.0,0.0,0.0
326,-1.6756126614330458,Femme,Ressources Humaines,3.0,Secondaire,-1.0118244991801812,Non,-1.6424757774048222,-1.0408255399120199,2.0,0.0,2.0,3.0,3.0,0.45927053764630676,1,0.0,0.0,0.0,0.0,0.0,0.0,0.0,0.0,1.0,0.0
154,-1.7610364588488476,Homme,Production,1.0,Licence,-1.149155980352993,Oui,1.7066927610106413,1.1233162414803026,0.0,1.0,5.0,3.0,2.0,-1.1984183561016146,1,0.0,0.0,0.0,0.0,0.0,0.0,1.0,0.0,0.0,0.0
489,1.314220248120014,Femme,Finance,13.0,Master,1.1646910185198676,Oui,0.3846525484782215,1.6204839480163769,12.0,4.0,5.0,2.0,2.0,-1.0800120065481915,1,0.0,0.0,1.0,0.0,0.0,0.0,0.0,0.0,0.0,0.0
291,0.716253666209402,Femme,Logistique,23.0,Licence,0.866744785592709,Non,1.7066927610106413,1.4742581519763551,10.0,1.0,2.0,2.0,1.0,-1.1984183561016146,0,0.0,0.0,0.0,0.0,1.0,0.0,0.0,0.0,0.0,0.0
175,-1.5901888640172441,Femme,Finance,4.0,Licence,-0.7144518367848205,Non,-1.2017957065606821,-0.5436578333759458,3.0,0.0,5.0,3.0,2.0,-1.3168247056550375,1,0.0,0.0,1.0,0.0,0.0,0.0,0.0,0.0,0.0,0.0
262,-0.3088319027802185,Femme,Commercial,2.0,Secondaire,-1.0702640657580131,Non,1.0897406618288454,0.7138840125682417,0.0,0.0,1.0,0.0,2.0,-1.4352310552084604,0,0.0,1.0,0.0,0.0,0.0,0.0,0.0,0.0,0.0,0.0
116,0.024056709829812936,Femme,Marketing,0.0,Secondaire,-1.253458108165531,Non,-0.9373876640541983,-0.6898836294159675,0.0,0.0,2.0,3.0,1.0,1.6433340331805364,0,0.0,0.0,0.0,0.0,0.0,1.0,0.0,0.0,0.0,0.0
376,-0.2234081053644168,Homme,Recherche et Développement,18.0,Master,1.988563344945649,Non,-0.5848436073788863,-0.2804514005039065,16.0,1.0,4.0,3.0,3.0,0.45927053764630676,1,0.0,0.0,0.0,0.0,0.0,0.0,0.0,1.0,0.0,0.0
321,1.5704916403674192,Femme,Ressources Humaines,10.8,Master,1.988563344945649,Non,0.2965165343093935,0.012000191576137085,17.0,3.0,5.0,2.0,4.0,1.2881149845202675,1,0.0,0.0,0.0,0.0,0.0,0.0,0.0,0.0,1.0,0.0
67,-0.6505270924434253,Femme,Support Client,6.0,Licence,-0.7432319211348734,Non,1.0016046476600173,0.8308646494002592,3.0,1.0,4.0,3.0,1.0,1.6433340331805364,1,0.0,0.0,0.0,0.0,0.0,0.0,0.0,0.0,0.0,1.0
491,-0.7359508898592271,Femme,Production,7.0,Secondaire,-0.7648452590010931,Oui,0.4727885626470495,-0.030571112343143542,6.0,2.0,5.0,2.0,3.0,-0.3695739092276539,1,0.0,0.0,0.0,0.0,0.0,0.0,1.0,0.0,0.0,0.0
451,-0.9922222821066322,Homme,Informatique,2.0,Secondaire,-1.0057385349962047,Non,-0.6729796215477143,0.47992273890420684,0.0,1.0,3.0,3.0,1.0,-1.3168247056550375,1,0.0,0.0,0.0,1.0,0.0,0.0,0.0,0.0,0.0,0.0
17,-1.6756126614330458,Homme,Ressources Humaines,2.0,Master,-0.8054602846058492,Non,-1.2017957065606821,-1.0700706991200242,1.0,1.0,3.0,0.0,1.0,-0.3695739092276539,0,0.0,0.0,0.0,0.0,0.0,0.0,0.0,0.0,1.0,0.0
290,-0.05256051053281337,Femme,Production,14.0,Secondaire,-0.2958982622453117,Non,-0.9373876640541983,-0.19271592287989342,2.0,1.0,4.0,2.0,3.0,1.1697086349668444,1,0.0,0.0,0.0,0.0,0.0,0.0,1.0,0.0,0.0,0.0
232,0.024056709829812936,Homme,Recherche et Développement,6.0,Licence,-0.356396104564515,Non,-0.1441635365347464,-0.030571112343143542,5.350515463917525,0.0,3.0,3.0,2.0,-1.6720437543153064,1,0.0,0.0,0.0,0.0,0.0,0.0,0.0,1.0,0.0,0.0
179,-1.6756126614330458,Femme,Administration,0.0,Secondaire,-1.2859987148050476,Non,-0.4967075932100583,-1.625728724072107,0.0,0.0,3.0,3.0,4.0,-1.3168247056550375,1,1.0,0.0,0.0,0.0,0.0,0.0,0.0,0.0,0.0,0.0
98,-1.0776460795224339,Femme,Production,3.0,Secondaire,-1.0426397779624785,Non,-1.0255236782230261,0.4506775796962025,3.0,2.0,2.894845360824742,3.0,1.0,-1.5536374047618835,1,0.0,0.0,0.0,0.0,0.0,0.0,1.0,0.0,0.0,0.0
60,1.057948855872609,Femme,Administration,6.0,Master,-0.18631397683913384,Non,-1.3780677348983381,0.33369694286418505,6.0,1.0,5.0,3.0,1.0,-0.25116755967423093,1,1.0,0.0,0.0,0.0,0.0,0.0,0.0,0.0,0.0,0.0
63,-0.6505270924434253,Femme,Logistique,3.0,Master,-0.858319367669579,Oui,-1.4662037490671662,-1.625728724072107,0.0,0.0,4.0,3.0,1.0,-0.014354860567385028,0,0.0,0.0,0.0,0.0,1.0,0.0,0.0,0.0,0.0,0.0
155,0.45998227396199687,Homme,Support Client,14.0,Master,-0.08176487901894046,Oui,-0.020591392957833063,-1.4795029280320853,12.0,0.0,1.0,2.0,3.0,-0.3695739092276539,1,0.0,0.0,0.0,0.0,0.0,0.0,0.0,0.0,0.0,1.0
114,-0.6505270924434253,Homme,Commercial,9.0,Secondaire,-0.5991237676024692,Non,1.1778766759976733,0.8016194901922548,2.0,0.0,2.0,2.0,3.0,-0.25116755967423093,1,0.0,1.0,0.0,0.0,0.0,0.0,0.0,0.0,0.0,0.0
439,-0.13798430794861508,Homme,Support Client,5.0,Secondaire,-1.0234107393290446,Oui,-1.3780677348983381,1.5327484703923637,0.0,1.0,2.0,2.0,3.0,1.1697086349668444,1,0.0,0.0,0.0,0.0,0.0,0.0,0.0,0.0,0.0,1.0
330,-0.3942557001960202,Femme,Commercial,16.0,Master,1.482117876349941,Non,1.4422847185041574,1.2110517191043157,14.0,3.0,3.0,2.0,2.0,1.2881149845202675,1,0.0,1.0,0.0,0.0,0.0,0.0,0.0,0.0,0.0,0.0
426,-0.9922222821066322,Femme,Production,11.0,Master,0.012164619119581868,Oui,-1.554339763235994,1.3280323559363332,3.0,1.0,1.0,3.0,2.0,-0.6063866083344998,1,0.0,0.0,0.0,0.0,0.0,0.0,1.0,0.0,0.0,0.0
367,-1.5047650666014425,Femme,Informatique,3.0,Master,-0.3761733242897077,Non,-0.5848436073788863,0.4214324204881981,1.0,0.0,3.0,2.0,3.0,1.6433340331805364,1,0.0,0.0,0.0,1.0,0.0,0.0,0.0,0.0,0.0,0.0
299,-0.3942557001960202,Femme,Administration,16.0,Master,1.022555162852338,Non,0.5609245768158775,1.386522674352342,7.0,1.0,5.0,3.0,3.0,0.8144895863065756,1,1.0,0.0,0.0,0.0,0.0,0.0,0.0,0.0,0.0,0.0
90,1.1433726532884105,Femme,Logistique,5.0,Master,-0.4425880602035345,Non,1.2660126901665014,-1.128561017536033,5.0,2.0,4.0,1.0,0.0,-0.25116755967423093,0,0.0,0.0,0.0,0.0,1.0,0.0,0.0,0.0,0.0,0.0
193,-0.9067984846908305,Homme,Informatique,10.8,Secondaire,0.012164619119581868,Oui,1.0016046476600173,-0.030571112343143542,0.0,0.0,5.0,2.0,3.0,0.10405148898603793,1,0.0,0.0,0.0,1.0,0.0,0.0,0.0,0.0,0.0,0.0
463,0.3745584765461952,Homme,Production,27.0,Master,1.988563344945649,Non,-1.0255236782230261,-0.4559223557519327,3.0,0.0,2.0,1.0,2.0,1.7617403827339593,0,0.0,0.0,0.0,0.0,0.0,0.0,1.0,0.0,0.0,0.0
54,-1.6756126614330458,Femme,Recherche et Développement,1.0,Licence,-0.9694310587072146,Non,-0.020591392957833063,-0.030571112343143542,1.0,1.0,4.0,4.0,2.0,-0.9616056569947686,1,0.0,0.0,0.0,0.0,0.0,0.0,0.0,1.0,0.0,0.0
333,-1.0776460795224339,Femme,Finance,8.0,Secondaire,-0.6507756981988738,Non,1.6185567468418132,0.8601098086082635,0.0,1.0,1.0,2.0,3.0,1.0513022854134215,0,0.0,0.0,1.0,0.0,0.0,0.0,0.0,0.0,0.0,0.0
188,0.3745584765461952,Femme,Administration,0.0,Secondaire,-1.2782001174838717,Non,0.3846525484782215,-0.10498044525588035,0.0,1.0,2.0,0.0,3.0,-0.8431993074413457,0,1.0,0.0,0.0,0.0,0.0,0.0,0.0,0.0,0.0,0.0
336,0.3745584765461952,Homme,Production,19.0,Licence,0.7494842338037268,Non,-0.9373876640541983,-0.48516751495993704,18.0,6.0,4.0,3.0,3.0,4.921082158802247e-05,1,0.0,0.0,0.0,0.0,0.0,0.0,1.0,0.0,0.0,0.0
27,0.45998227396199687,Femme,Administration,20.0,Master,1.381300449182803,Non,-1.4662037490671662,-0.9530900622880067,10.0,4.0,2.0,2.0,1.0,1.1697086349668444,0,1.0,0.0,0.0,0.0,0.0,0.0,0.0,0.0,0.0,0.0
292,0.9725250584568071,Femme,Administration,29.0,Master,1.988563344945649,Non,1.0897406618288454,0.7723743309842505,12.0,5.0,2.0,3.0,3.0,-1.1984183561016146,1,1.0,0.0,0.0,0.0,0.0,0.0,0.0,0.0,0.0,0.0
165,0.9725250584568071,Homme,Ressources Humaines,12.0,Licence,-0.15013113961942776,Non,1.3541487043353293,-0.9823352214960112,11.0,2.0,3.0,2.0,4.0,0.3408641880928838,1,0.0,0.0,0.0,0.0,0.0,0.0,0.0,0.0,1.0,0.0
237,-0.8213746872750287,Femme,Informatique,12.0,Licence,0.4823417390043024,Oui,0.9134686334911895,0.5969033757362243,5.0,0.0,5.0,3.0,2.0,-1.4352310552084604,1,0.0,0.0,0.0,1.0,0.0,0.0,0.0,0.0,0.0,0.0
341,-1.2484936743540374,Homme,Marketing,8.0,Master,0.13342505113270436,Oui,-0.5848436073788863,-1.0700706991200242,8.0,0.0,5.0,2.0,3.0,-1.6720437543153064,1,0.0,0.0,0.0,0.0,0.0,1.0,0.0,0.0,0.0,0.0
411,-0.47967949761182194,Homme,Production,13.0,Master,0.2477508144662297,Non,0.3846525484782215,-0.6606384702079632,5.0,1.2,4.0,0.0,2.0,1.1697086349668444,0,0.0,0.0,0.0,0.0,0.0,0.0,1.0,0.0,0.0,0.0
57,0.6308298687936003,Femme,Support Client,0.0,Licence,-1.2660397297704822,Non,1.6185567468418132,0.5676582165282199,0.0,1.0,1.0,3.0,3.0,0.5776768871997298,0,0.0,0.0,0.0,0.0,0.0,0.0,0.0,0.0,0.0,1.0
131,0.716253666209402,Femme,Logistique,19.0,Licence,0.32722784024757084,Non,-1.2017957065606821,0.24596146524017196,3.0,2.0,2.894845360824742,1.0,1.0,0.8144895863065756,0,0.0,0.0,0.0,0.0,1.0,0.0,0.0,0.0,0.0,0.0
353,-1.6756126614330458,Homme,Recherche et Développement,1.0,Licence,0.012164619119581868,Non,1.0016046476600173,-1.2455416543680504,1.0,1.0,1.0,3.0,4.0,-1.6720437543153064,1,0.0,0.0,0.0,0.0,0.0,0.0,0.0,1.0,0.0,0.0
324,0.03286328688298834,Femme,Logistique,22.0,Master,1.5713761839064393,Non,0.9134686334911895,-0.3389417189199152,3.0,0.0,3.0,2.0,3.0,1.4065213340736904,0,0.0,0.0,0.0,0.0,1.0,0.0,0.0,0.0,0.0,0.0
348,-0.8213746872750287,Femme,Informatique,7.0,Secondaire,-0.46778015504984544,Oui,0.12024450597173755,0.9186001270242722,5.0,2.0,2.0,2.0,3.0,1.7617403827339593,1,0.0,0.0,0.0,1.0,0.0,0.0,0.0,0.0,0.0,0.0
497,-0.3942557001960202,Femme,Administration,6.0,Licence,-0.46743162728203264,Non,-0.6729796215477143,-0.1342256044638847,4.0,1.0,4.0,3.0,3.0,1.7617403827339593,1,1.0,0.0,0.0,0.0,0.0,0.0,0.0,0.0,0.0,0.0
434,0.024056709829812936,Homme,Production,16.0,Doctorat,1.988563344945649,Non,-1.1136596923918543,-1.0993158583280285,10.0,2.0,1.0,0.0,1.0,-1.6720437543153064,0,0.0,0.0,0.0,0.0,0.0,0.0,1.0,0.0,0.0,0.0
253,1.2287964507042122,Homme,Support Client,15.0,Master,0.16683178389719944,Oui,-1.73061179157365,1.6497291072243812,2.0,1.0,2.0,3.0,4.0,1.7617403827339593,1,0.0,0.0,0.0,0.0,0.0,0.0,0.0,0.0,0.0,1.0
437,0.8871012610410054,Homme,Logistique,14.0,Master,0.3584539663323232,Non,-1.554339763235994,-1.6549738832801113,13.0,5.0,2.0,4.0,1.0,-1.0800120065481915,1,0.0,0.0,0.0,0.0,1.0,0.0,0.0,0.0,0.0,0.0
431,-1.5047650666014425,Homme,Support Client,0.0,Licence,-1.2395239218457563,Non,0.7371966051535335,-1.0700706991200242,0.0,1.0,2.0,2.0,2.0,-1.3168247056550375,0,0.0,0.0,0.0,0.0,0.0,0.0,0.0,0.0,0.0,1.0
256,-0.13798430794861508,Homme,Support Client,21.0,Licence,0.4451525567066732,Non,-1.4662037490671662,-1.7134642016961201,16.0,5.0,5.0,3.0,4.0,-1.6720437543153064,1,0.0,0.0,0.0,0.0,0.0,0.0,0.0,0.0,0.0,1.0
278,0.024056709829812936,Femme,Production,8.0,Secondaire,-0.8029455759764978,Non,-0.7611156357165423,-0.6313933109999588,8.0,1.0,4.0,3.0,4.0,0.6960832367531526,1,0.0,0.0,0.0,0.0,0.0,0.0,1.0,0.0,0.0,0.0
454,-0.8213746872750287,Homme,Commercial,7.0,Licence,-0.29137663378739576,Oui,0.12024450597173755,-0.16347076367188906,1.0,0.0,3.0,2.0,4.0,0.45927053764630676,1,0.0,1.0,0.0,0.0,0.0,0.0,0.0,0.0,0.0,0.0
285,1.3996440455358157,Homme,Administration,25.0,Master,1.7165882010478266,Non,-0.05602752236591842,-1.5379932464480939,8.0,1.2,1.0,2.0,3.0,0.9328959358599986,0,1.0,0.0,0.0,0.0,0.0,0.0,0.0,0.0,0.0,0.0
144,-1.333917471769839,Femme,Support Client,0.0,Secondaire,-1.3002012213434195,Non,-0.6729796215477143,-1.2747868135760547,0.0,1.0,2.0,0.0,1.0,-0.9616056569947686,0,0.0,0.0,0.0,0.0,0.0,0.0,0.0,0.0,0.0,1.0
373,-0.47967949761182194,Homme,Commercial,8.0,Master,-0.32440598714766966,Non,-0.40857157904123037,-1.2747868135760547,4.0,2.0,2.0,3.0,1.0,0.5776768871997298,0,0.0,1.0,0.0,0.0,0.0,0.0,0.0,0.0,0.0,0.0
332,0.9725250584568071,Homme,Marketing,25.0,Master,1.988563344945649,Oui,-0.05602752236591842,0.6261485349442286,5.350515463917525,0.0,1.0,2.0,1.0,-0.25116755967423093,0,0.0,0.0,0.0,0.0,0.0,1.0,0.0,0.0,0.0,0.0
475,1.2287964507042122,Femme,Production,7.0,Doctorat,-0.03745453582300346,Oui,1.5304207326729853,-0.030571112343143542,1.0,1.0,5.0,4.0,0.0,-1.4352310552084604,1,0.0,0.0,0.0,0.0,0.0,0.0,1.0,0.0,0.0,0.0
331,1.5704916403674192,Femme,Administration,21.0,Doctorat,1.988563344945649,Oui,0.6490605909847055,0.9770904454402809,7.0,2.0,1.0,0.0,4.0,-0.7247929578879228,1,1.0,0.0,0.0,0.0,0.0,0.0,0.0,0.0,0.0,0.0
423,1.2287964507042122,Femme,Ressources Humaines,4.0,Licence,-0.7670933785100313,Non,-0.40857157904123037,-0.5144126741679413,4.0,1.0,3.0,4.0,4.0,1.7617403827339593,1,0.0,0.0,0.0,0.0,0.0,0.0,0.0,0.0,1.0,0.0
118,0.3745584765461952,Homme,Ressources Humaines,27.0,Licence,1.642474694474797,Oui,0.8253326193223615,-1.7134642016961201,19.0,6.0,2.0,1.0,3.0,-0.48798025878107687,1,0.0,0.0,0.0,0.0,0.0,0.0,0.0,0.0,1.0,0.0
110,1.1433726532884105,Homme,Commercial,2.0,Master,-0.7937222848494779,Non,0.20838052014056554,-1.3332771319920635,1.0,1.0,5.0,2.0,4.0,1.1697086349668444,1,0.0,1.0,0.0,0.0,0.0,0.0,0.0,0.0,0.0,0.0
481,1.1433726532884105,Femme,Recherche et Développement,22.0,Licence,1.8857557318990634,Non,-0.020591392957833063,-0.6606384702079632,5.0,2.0,4.0,3.0,1.0,4.921082158802247e-05,0,0.0,0.0,0.0,0.0,0.0,0.0,0.0,1.0,0.0,0.0
428,0.8871012610410054,Homme,Administration,12.0,Master,0.3440408428481701,Oui,-1.73061179157365,1.6497291072243812,12.0,1.0,1.0,3.0,3.0,1.4065213340736904,1,1.0,0.0,0.0,0.0,0.0,0.0,0.0,0.0,0.0,0.0
42,0.024056709829812936,Femme,Informatique,11.0,Licence,0.2723491426352569,Non,0.9134686334911895,1.1525614006883071,7.0,3.0,1.0,2.0,3.0,4.921082158802247e-05,1,0.0,0.0,0.0,1.0,0.0,0.0,0.0,0.0,0.0,0.0
296,-0.2234081053644168,Homme,Logistique,3.0,Licence,-1.0361123837414545,Non,-0.40857157904123037,0.5384130573202156,2.0,1.0,2.0,0.0,3.0,0.6960832367531526,0,0.0,0.0,0.0,0.0,1.0,0.0,0.0,0.0,0.0,0.0
483,-0.3088319027802185,Femme,Logistique,0.0,Licence,-1.2395446950239704,Oui,1.7066927610106413,-0.5144126741679413,0.0,0.0,2.894845360824742,2.0,2.0,0.5776768871997298,0,0.0,0.0,0.0,0.0,1.0,0.0,0.0,0.0,0.0,0.0
163,-1.0776460795224339,Homme,Administration,10.0,Doctorat,0.012164619119581868,Oui,0.4727885626470495,0.39218726128019377,0.0,0.0,3.0,2.0,2.0,1.6433340331805364,0,1.0,0.0,0.0,0.0,0.0,0.0,0.0,0.0,0.0,0.0
32,1.314220248120014,Femme,Marketing,4.0,Licence,-0.6437116635406546,Non,-1.4662037490671662,1.386522674352342,4.0,2.0,3.0,0.0,3.0,1.4065213340736904,0,0.0,0.0,0.0,0.0,0.0,1.0,0.0,0.0,0.0,0.0
315,0.024056709829812936,Homme,Ressources Humaines,22.0,Master,1.9355496171107704,Non,1.1778766759976733,-0.030571112343143542,12.0,2.0,4.0,0.0,3.0,0.5776768871997298,0,0.0,0.0,0.0,0.0,0.0,0.0,0.0,0.0,1.0,0.0
200,0.03286328688298834,Femme,Administration,1.0,Secondaire,-1.2037351979793884,Non,0.20838052014056554,-0.5436578333759458,1.0,1.0,4.0,3.0,2.0,-1.1984183561016146,1,1.0,0.0,0.0,0.0,0.0,0.0,0.0,0.0,0.0,0.0
30,-0.5651032950276236,Homme,Production,13.0,Master,0.1833903150646771,Non,0.6490605909847055,0.12898082840815453,5.0,2.0,3.0,4.0,4.0,1.1697086349668444,1,0.0,0.0,0.0,0.0,0.0,0.0,1.0,0.0,0.0,0.0
403,0.03286328688298834,Homme,Commercial,19.0,Master,1.6923799470030403,Non,0.7371966051535335,-1.0115803807040156,14.0,5.0,5.0,3.0,2.0,-1.6720437543153064,1,0.0,1.0,0.0,0.0,0.0,0.0,0.0,0.0,0.0,0.0
239,1.314220248120014,Homme,Support Client,9.0,Licence,-0.5390056128183998,Non,0.9134686334911895,0.8601098086082635,8.0,2.0,5.0,1.0,2.0,-1.3168247056550375,1,0.0,0.0,0.0,0.0,0.0,0.0,0.0,0.0,0.0,1.0
369,0.8871012610410054,Femme,Recherche et Développement,10.0,Master,0.47351890859063034,Oui,0.9134686334911895,1.4157678335603463,2.0,1.0,5.0,2.0,2.0,-0.9616056569947686,1,0.0,0.0,0.0,0.0,0.0,0.0,0.0,1.0,0.0,0.0
141,0.03286328688298834,Femme,Informatique,18.0,Licence,1.3874094946759061,Non,-0.40857157904123037,0.27520662444817634,8.0,1.0,4.0,4.0,1.0,4.921082158802247e-05,1,0.0,0.0,0.0,1.0,0.0,0.0,0.0,0.0,0.0,0.0
503,1.057948855872609,Femme,Administration,6.0,Master,-0.18631397683913384,Non,-1.3780677348983381,0.33369694286418505,6.0,1.0,5.0,3.0,1.0,-0.25116755967423093,1,1.0,0.0,0.0,0.0,0.0,0.0,0.0,0.0,0.0,0.0
231,1.1433726532884105,Femme,Production,14.0,Licence,0.07462253096885543,Non,-1.4662037490671662,-0.6898836294159675,8.0,2.0,1.0,3.0,4.0,-0.3695739092276539,1,0.0,0.0,0.0,0.0,0.0,0.0,1.0,0.0,0.0,0.0
95,1.6559154377832208,Homme,Production,10.0,Licence,-0.15696205305546765,Non,-0.8492516498853703,-0.57290299258395,5.350515463917525,1.0,4.0,2.0,3.0,-0.3695739092276539,1,0.0,0.0,0.0,0.0,0.0,0.0,1.0,0.0,0.0,0.0
246,0.024056709829812936,Homme,Logistique,4.0,Master,-0.8097834138052756,Non,-0.3204355648724024,-0.7191287886239719,0.0,0.0,1.0,3.0,4.0,-1.1984183561016146,1,0.0,0.0,0.0,0.0,1.0,0.0,0.0,0.0,0.0,0.0
474,-0.05256051053281337,Homme,Support Client,7.0,Master,-0.6221641074054458,Oui,-0.8492516498853703,-0.030571112343143542,4.0,1.0,1.0,4.0,3.0,-1.7904501038687293,1,0.0,0.0,0.0,0.0,0.0,0.0,0.0,0.0,0.0,1.0
120,1.4850678429516173,Homme,Finance,25.0,Licence,1.7467162338508775,Non,0.3846525484782215,-0.9530900622880067,6.0,1.2,2.0,3.0,2.0,0.5776768871997298,1,0.0,0.0,1.0,0.0,0.0,0.0,0.0,0.0,0.0,0.0
183,0.8871012610410054,Homme,Support Client,16.0,Licence,0.18286983154387054,Oui,0.03210849180290957,-0.7191287886239719,8.0,2.0,3.0,1.0,3.0,1.1697086349668444,0,0.0,0.0,0.0,0.0,0.0,0.0,0.0,0.0,0.0,1.0
487,0.11828708429879005,Femme,Finance,14.0,Master,0.8722514089176058,Non,-0.020591392957833063,-1.2455416543680504,0.0,0.0,3.0,3.0,4.0,4.921082158802247e-05,1,0.0,0.0,1.0,0.0,0.0,0.0,0.0,0.0,0.0,0.0
236,-1.7610364588488476,Femme,Commercial,0.0,Secondaire,-1.2552099795282456,Non,0.03210849180290957,-1.7427093609041244,0.0,1.2,1.0,2.0,1.0,1.0513022854134215,0,0.0,1.0,0.0,0.0,0.0,0.0,0.0,0.0,0.0,0.0
38,-1.5047650666014425,Femme,Ressources Humaines,3.0,Doctorat,-0.6551628780311268,Non,-1.554339763235994,1.386522674352342,3.0,1.0,2.0,3.0,3.0,-1.7904501038687293,1,0.0,0.0,0.0,0.0,0.0,0.0,0.0,0.0,1.0,0.0
504,0.716253666209402,Homme,Logistique,14.0,Master,0.5469797911481032,Non,-1.6424757774048222,1.064825923064294,9.0,0.0,3.0,3.0,0.0,1.0513022854134215,0,0.0,0.0,0.0,0.0,1.0,0.0,0.0,0.0,0.0,0.0
83,0.20371088171459176,Femme,Administration,2.0,Licence,-0.889441050830533,Oui,-0.3204355648724024,0.24596146524017196,2.0,1.0,5.0,3.0,4.0,-0.014354860567385028,1,1.0,0.0,0.0,0.0,0.0,0.0,0.0,0.0,0.0,0.0
268,1.2287964507042122,Homme,Production,20.0,Licence,0.8783939223089425,Oui,-1.2017957065606821,-0.075735286047876,20.0,2.0,3.0,3.0,3.0,-1.4352310552084604,1,0.0,0.0,0.0,0.0,0.0,0.0,1.0,0.0,0.0,0.0
35,-1.0776460795224339,Homme,Support Client,10.0,Secondaire,0.012164619119581868,Non,1.0016046476600173,0.8893549678162679,10.0,4.0,2.0,1.0,4.0,0.5776768871997298,1,0.0,0.0,0.0,0.0,0.0,0.0,0.0,0.0,0.0,1.0
91,1.1433726532884105,Homme,Commercial,31.0,Master,1.988563344945649,Non,0.12024450597173755,-0.030571112343143542,13.0,1.2,5.0,1.0,2.0,-1.0800120065481915,1,0.0,1.0,0.0,0.0,0.0,0.0,0.0,0.0,0.0,0.0
501,0.20371088171459176,Femme,Recherche et Développement,12.0,Licence,0.2071513687451341,Non,-0.40857157904123037,0.8893549678162679,12.0,5.0,1.0,4.0,3.0,4.921082158802247e-05,1,0.0,0.0,0.0,0.0,0.0,0.0,0.0,1.0,0.0,0.0
422,-1.4193412691856406,Femme,Commercial,10.8,Licence,-1.0096675508422932,Non,0.4727885626470495,-0.075735286047876,1.0,1.0,3.0,2.0,3.0,1.1697086349668444,1,0.0,1.0,0.0,0.0,0.0,0.0,0.0,0.0,0.0,0.0
219,0.9725250584568071,Femme,Production,33.0,Secondaire,0.9854617679875846,Non,-0.05602752236591842,-0.1342256044638847,27.0,6.0,4.0,3.0,0.0,1.1697086349668444,1,0.0,0.0,0.0,0.0,0.0,0.0,1.0,0.0,0.0,0.0
461,-1.1630698769382355,Femme,Recherche et Développement,4.0,Licence,-0.6228363505337603,Oui,-0.6729796215477143,0.743129171776246,2.0,0.0,1.0,3.0,4.0,-0.7247929578879228,1,0.0,0.0,0.0,0.0,0.0,0.0,0.0,1.0,0.0,0.0
323,0.8871012610410054,Homme,Marketing,14.0,Licence,0.38984166158096223,Oui,-1.6424757774048222,0.8601098086082635,1.0,0.0,1.0,0.0,3.0,0.9328959358599986,0,0.0,0.0,0.0,0.0,0.0,1.0,0.0,0.0,0.0,0.0
273,-0.05256051053281337,Femme,Administration,21.0,Licence,1.1209796352957677,Oui,-0.020591392957833063,0.24596146524017196,8.0,2.0,1.0,1.0,1.0,-0.25116755967423093,0,1.0,0.0,0.0,0.0,0.0,0.0,0.0,0.0,0.0,0.0
444,0.9725250584568071,Femme,Administration,4.0,Licence,-0.9727420725014363,Non,-1.0255236782230261,-1.1578061767440373,1.0,0.0,1.0,1.0,4.0,-0.9616056569947686,1,1.0,0.0,0.0,0.0,0.0,0.0,0.0,0.0,0.0,0.0
210,1.2287964507042122,Homme,Commercial,22.0,Master,1.8799352027700438,Non,1.5304207326729853,-1.4210126096160764,20.0,1.0,2.0,3.0,0.0,-0.7247929578879228,0,0.0,1.0,0.0,0.0,0.0,0.0,0.0,0.0,0.0,0.0
242,1.6559154377832208,Homme,Production,16.0,Licence,0.23929209170403098,Non,-0.9373876640541983,-0.806864266247985,5.350515463917525,0.0,3.0,1.0,4.0,-0.48798025878107687,1,0.0,0.0,0.0,0.0,0.0,0.0,1.0,0.0,0.0,0.0
480,1.1433726532884105,Homme,Logistique,32.0,Doctorat,1.988563344945649,Non,0.6490605909847055,0.8016194901922548,22.0,6.0,1.0,3.0,3.0,-1.3168247056550375,1,0.0,0.0,0.0,0.0,1.0,0.0,0.0,0.0,0.0,0.0
124,-0.5651032950276236,Femme,Commercial,10.8,Licence,-0.23197861584807858,Oui,-0.9373876640541983,1.3280323559363332,6.0,0.0,3.0,0.0,3.0,4.921082158802247e-05,1,0.0,1.0,0.0,0.0,0.0,0.0,0.0,0.0,0.0,0.0
52,1.5704916403674192,Femme,Ressources Humaines,28.0,Licence,1.5087992926676506,Non,-0.9373876640541983,0.7723743309842505,7.0,0.0,4.0,3.0,1.0,1.1697086349668444,1,0.0,0.0,0.0,0.0,0.0,0.0,0.0,0.0,1.0,0.0
473,0.2891346791303935,Homme,Marketing,17.0,Licence,0.012164619119581868,Non,0.5609245768158775,0.8308646494002592,9.0,0.0,1.0,2.0,1.0,-1.1984183561016146,0,0.0,0.0,0.0,0.0,0.0,1.0,0.0,0.0,0.0,0.0
20,0.024056709829812936,Homme,Informatique,20.0,Master,1.8564747831409616,Non,1.0016046476600173,-0.9823352214960112,2.0,0.0,1.0,1.0,4.0,-0.132761210120808,0,0.0,0.0,0.0,1.0,0.0,0.0,0.0,0.0,0.0,0.0
206,-0.47967949761182194,Femme,Finance,11.0,Licence,-0.33664542834481803,Oui,1.3541487043353293,0.655393694152233,9.0,1.0,4.0,3.0,0.0,0.8144895863065756,1,0.0,0.0,1.0,0.0,0.0,0.0,0.0,0.0,0.0,0.0
347,-0.6505270924434253,Homme,Ressources Humaines,14.0,Secondaire,-0.326730274976726,Oui,1.3541487043353293,1.1818065598963114,9.0,3.0,2.0,3.0,3.0,1.5249276836271133,1,0.0,0.0,0.0,0.0,0.0,0.0,0.0,0.0,1.0,0.0
438,0.45998227396199687,Femme,Marketing,23.0,Master,1.9819401632917493,Oui,1.2660126901665014,-1.1578061767440373,10.0,0.0,2.0,3.0,1.0,1.1697086349668444,0,0.0,0.0,0.0,0.0,0.0,1.0,0.0,0.0,0.0,0.0
125,0.3745584765461952,Homme,Ressources Humaines,3.0,Master,-0.6130885366568366,Oui,1.2660126901665014,-1.4795029280320853,0.0,0.0,3.0,1.0,3.0,-1.6720437543153064,0,0.0,0.0,0.0,0.0,0.0,0.0,0.0,0.0,1.0,0.0
466,1.057948855872609,Homme,Logistique,4.0,Secondaire,-1.1028133278884522,Non,1.6185567468418132,-0.6021481517919545,2.0,1.0,2.894845360824742,2.0,3.0,1.4065213340736904,0,0.0,0.0,0.0,0.0,1.0,0.0,0.0,0.0,0.0,0.0
412,0.3745584765461952,Femme,Commercial,5.0,Licence,0.012164619119581868,Non,-1.1136596923918543,0.5091678981122112,3.0,2.0,5.0,0.0,1.0,1.6433340331805364,0,0.0,1.0,0.0,0.0,0.0,0.0,0.0,0.0,0.0,0.0
44,-0.13798430794861508,Femme,Production,5.0,Licence,-0.47567280870571244,Oui,1.6185567468418132,-0.4559223557519327,3.0,2.0,5.0,2.0,2.0,-0.48798025878107687,0,0.0,0.0,0.0,0.0,0.0,0.0,1.0,0.0,0.0,0.0
354,0.8871012610410054,Femme,Logistique,5.0,Secondaire,-0.9725972372866665,Oui,1.0897406618288454,1.6204839480163769,2.0,0.0,4.0,2.0,3.0,0.22245783853946088,1,0.0,0.0,0.0,0.0,1.0,0.0,0.0,0.0,0.0,0.0
108,0.03286328688298834,Homme,Logistique,0.0,Licence,-1.2453727255784561,Non,-0.1441635365347464,-1.7134642016961201,0.0,0.0,4.0,3.0,4.0,0.10405148898603793,1,0.0,0.0,0.0,0.0,1.0,0.0,0.0,0.0,0.0,0.0
115,-1.5901888640172441,Femme,Marketing,3.0,Licence,-0.8997001157046126,Non,0.3846525484782215,-0.4266771965439283,0.0,0.0,4.0,2.0,4.0,0.9328959358599986,1,0.0,0.0,0.0,0.0,0.0,1.0,0.0,0.0,0.0,0.0
389,0.8871012610410054,Homme,Ressources Humaines,29.0,Licence,1.7174266296018532,Non,1.0897406618288454,0.6846388533602373,2.0,1.2,2.894845360824742,1.0,3.0,-0.7247929578879228,0,0.0,0.0,0.0,0.0,0.0,0.0,0.0,0.0,1.0,0.0
476,-0.9922222821066322,Homme,Recherche et Développement,6.0,Master,-0.1648691325295388,Non,1.1778766759976733,1.3572775151443377,4.0,2.0,1.0,2.0,0.0,-0.6063866083344998,0,0.0,0.0,0.0,0.0,0.0,0.0,0.0,1.0,0.0,0.0
184,0.9725250584568071,Femme,Informatique,20.0,Master,0.9819787984403691,Oui,1.4422847185041574,-0.7483739478319763,3.0,2.0,4.0,3.0,2.0,-1.3168247056550375,1,0.0,0.0,0.0,1.0,0.0,0.0,0.0,0.0,0.0,0.0
86,0.20371088171459176,Femme,Finance,16.0,Licence,0.6645253971048,Non,-1.3780677348983381,0.3044517836561807,1.0,1.0,5.0,1.0,2.0,-0.25116755967423093,0,0.0,0.0,1.0,0.0,0.0,0.0,0.0,0.0,0.0,0.0
148,0.716253666209402,Homme,Ressources Humaines,26.0,Licence,1.1994601255555646,Non,0.4727885626470495,1.1233162414803026,26.0,4.0,3.0,2.0,1.0,-0.014354860567385028,1,0.0,0.0,0.0,0.0,0.0,0.0,0.0,0.0,1.0,0.0
136,0.6308298687936003,Homme,Production,13.0,Licence,-0.2190600071298778,Oui,-0.8492516498853703,0.8016194901922548,7.0,0.0,3.0,2.0,2.0,-1.6720437543153064,1,0.0,0.0,0.0,0.0,0.0,0.0,1.0,0.0,0.0,0.0
455,0.8016774636252038,Homme,Support Client,21.0,Licence,0.37439276434974955,Non,-0.1441635365347464,1.1818065598963114,4.0,1.0,2.0,3.0,3.0,-0.3695739092276539,1,0.0,0.0,0.0,0.0,0.0,0.0,0.0,0.0,0.0,1.0
166,0.20371088171459176,Homme,Finance,0.0,Licence,-1.1011578209913413,Non,0.6490605909847055,-0.8653545846639937,5.350515463917525,0.0,2.0,2.0,3.0,-0.9616056569947686,0,0.0,0.0,1.0,0.0,0.0,0.0,0.0,0.0,0.0,0.0
308,0.6308298687936003,Femme,Recherche et Développement,13.0,Licence,0.39083877413523466,Oui,1.7066927610106413,1.4157678335603463,11.0,2.0,2.0,2.0,4.0,0.3408641880928838,1,0.0,0.0,0.0,0.0,0.0,0.0,0.0,1.0,0.0,0.0
309,0.8016774636252038,Femme,Ressources Humaines,23.0,Secondaire,0.2968828431387294,Non,-1.0255236782230261,0.18747114682416324,4.0,2.0,4.0,1.0,1.0,-0.7247929578879228,0,0.0,0.0,0.0,0.0,0.0,0.0,0.0,0.0,1.0,0.0
472,1.2287964507042122,Femme,Logistique,24.0,Master,1.638029234336999,Non,-0.020591392957833063,-1.6549738832801113,14.0,3.0,5.0,2.0,3.0,4.921082158802247e-05,1,0.0,0.0,0.0,0.0,1.0,0.0,0.0,0.0,0.0,0.0
420,0.11828708429879005,Homme,Finance,17.0,Licence,0.9476257320016802,Non,-0.8492516498853703,1.4450129927683506,4.0,2.0,5.0,2.0,2.0,1.2881149845202675,1,0.0,0.0,1.0,0.0,0.0,0.0,0.0,0.0,0.0,0.0
305,1.6559154377832208,Homme,Recherche et Développement,13.0,Licence,0.12359760673929372,Non,0.3846525484782215,-1.1578061767440373,0.0,0.0,3.0,1.0,1.0,0.22245783853946088,0,0.0,0.0,0.0,0.0,0.0,0.0,0.0,1.0,0.0,0.0
94,1.4850678429516173,Femme,Ressources Humaines,20.0,Master,1.5850258930912275,Non,0.12024450597173755,1.561993629600368,7.0,0.0,2.0,2.0,1.0,1.0513022854134215,0,0.0,0.0,0.0,0.0,0.0,0.0,0.0,0.0,1.0,0.0
176,1.314220248120014,Homme,Production,2.0,Licence,-0.8970653842678025,Oui,1.4422847185041574,-0.25120624129590213,0.0,1.0,4.0,0.0,2.0,-0.014354860567385028,0,0.0,0.0,0.0,0.0,0.0,0.0,1.0,0.0,0.0,0.0
284,1.3996440455358157,Femme,Ressources Humaines,13.0,Master,0.7996687701724029,Non,0.8253326193223615,-1.8011996793201333,6.0,2.0,3.0,0.0,1.0,0.45927053764630676,0,0.0,0.0,0.0,0.0,0.0,0.0,0.0,0.0,1.0,0.0
72,-0.3088319027802185,Femme,Marketing,2.0,Licence,-0.8827728606238363,Oui,-1.0255236782230261,-0.2804514005039065,0.0,1.0,2.0,3.0,2.0,0.6960832367531526,1,0.0,0.0,0.0,0.0,0.0,1.0,0.0,0.0,0.0,0.0
3,-0.5651032950276236,Femme,Administration,16.0,Licence,0.9198704577768518,Non,-1.2017957065606821,-1.625728724072107,1.0,0.0,5.0,0.0,2.0,-0.25116755967423093,0,1.0,0.0,0.0,0.0,0.0,0.0,0.0,0.0,0.0,0.0
71,-0.47967949761182194,Femme,Marketing,6.0,Licence,-0.5750136091214713,Oui,1.0016046476600173,1.3280323559363332,6.0,0.0,2.0,2.0,1.0,-0.7247929578879228,0,0.0,0.0,0.0,0.0,0.0,1.0,0.0,0.0,0.0,0.0
168,0.8871012610410054,Homme,Commercial,0.0,Master,-1.0558105499828883,Oui,-0.7611156357165423,-0.017244967631867274,0.0,0.0,3.0,3.0,1.0,-0.014354860567385028,0,0.0,1.0,0.0,0.0,0.0,0.0,0.0,0.0,0.0,0.0
485,0.8871012610410054,Femme,Support Client,16.0,Doctorat,0.012164619119581868,Non,-1.2017957065606821,-0.39743203733592397,8.0,3.0,2.0,2.0,1.0,-0.3695739092276539,1,0.0,0.0,0.0,0.0,0.0,0.0,0.0,0.0,0.0,1.0
128,1.4850678429516173,Femme,Ressources Humaines,8.0,Licence,-0.40117846053209255,Non,0.03210849180290957,-1.304031972784059,3.0,2.0,1.0,3.0,0.0,0.8144895863065756,0,0.0,0.0,0.0,0.0,0.0,0.0,0.0,0.0,1.0,0.0
76,1.6559154377832208,Homme,Recherche et Développement,27.0,Licence,1.671861240222153,Oui,-1.2899317207295102,-1.3332771319920635,14.0,1.0,2.0,3.0,2.0,-0.9616056569947686,1,0.0,0.0,0.0,0.0,0.0,0.0,0.0,1.0,0.0,0.0
24,-0.8213746872750287,Femme,Production,8.0,Licence,-0.5152480213343118,Non,-0.5848436073788863,-1.4210126096160764,5.350515463917525,0.0,3.0,0.0,2.0,0.3408641880928838,0,0.0,0.0,0.0,0.0,0.0,0.0,1.0,0.0,0.0,0.0
230,0.716253666209402,Homme,Marketing,23.0,Licence,0.9445334136114337,Non,-1.2017957065606821,0.33369694286418505,22.0,4.0,5.0,1.0,3.0,-0.7247929578879228,1,0.0,0.0,0.0,0.0,0.0,1.0,0.0,0.0,0.0,0.0
325,0.11828708429879005,Homme,Production,4.0,Doctorat,-0.4824483269998483,Non,-0.5848436073788863,-0.19271592287989342,0.0,1.0,2.894845360824742,2.0,1.0,1.0513022854134215,0,0.0,0.0,0.0,0.0,0.0,0.0,1.0,0.0,0.0,0.0
79,-1.7610364588488476,Homme,Recherche et Développement,0.0,Licence,-1.1398969131968268,Non,-0.3204355648724024,1.6204839480163769,0.0,0.0,5.0,2.0,1.0,1.4065213340736904,0,0.0,0.0,0.0,0.0,0.0,0.0,0.0,1.0,0.0,0.0
255,1.5704916403674192,Homme,Informatique,10.0,Master,0.37106559363913916,Oui,0.03210849180290957,-0.4559223557519327,3.0,1.0,1.0,3.0,2.0,-0.8431993074413457,1,0.0,0.0,0.0,1.0,0.0,0.0,0.0,0.0,0.0,0.0
494,1.1433726532884105,Homme,Support Client,5.0,Licence,-0.788315488186554,Non,1.4422847185041574,-0.6313933109999588,4.0,0.0,1.0,3.0,0.0,-0.014354860567385028,0,0.0,0.0,0.0,0.0,0.0,0.0,0.0,0.0,0.0,1.0
8,0.11828708429879005,Homme,Commercial,8.0,Secondaire,-0.5299733195244031,Non,1.2660126901665014,1.2402968783123203,4.0,1.0,5.0,2.0,3.0,0.22245783853946088,1,0.0,1.0,0.0,0.0,0.0,0.0,0.0,0.0,0.0,0.0
107,1.5704916403674192,Femme,Informatique,30.0,Licence,1.988563344945649,Non,-0.9373876640541983,-0.9238449030800024,15.0,1.2,4.0,2.0,0.0,1.6433340331805364,0,0.0,0.0,0.0,1.0,0.0,0.0,0.0,0.0,0.0,0.0
248,0.20371088171459176,Femme,Production,12.0,Licence,0.2071513687451341,Non,-0.40857157904123037,0.8893549678162679,12.0,5.0,1.0,4.0,3.0,4.921082158802247e-05,1,0.0,0.0,0.0,0.0,0.0,0.0,1.0,0.0,0.0,0.0
486,0.20371088171459176,Homme,Marketing,0.0,Master,-1.0214655620023938,Non,-0.8492516498853703,0.7138840125682417,0.0,0.0,2.0,3.0,3.0,-0.3695739092276539,1,0.0,0.0,0.0,0.0,0.0,1.0,0.0,0.0,0.0,0.0
156,-0.7359508898592271,Homme,Logistique,0.0,Secondaire,-1.2894487934867573,Oui,-0.6729796215477143,1.6204839480163769,0.0,1.0,1.0,2.0,2.0,-1.4352310552084604,1,0.0,0.0,0.0,0.0,1.0,0.0,0.0,0.0,0.0,0.0
202,-0.47967949761182194,Homme,Marketing,2.0,Secondaire,-1.0905283011057787,Non,-0.6729796215477143,-0.6021481517919545,1.0,0.0,4.0,3.0,0.0,-0.7247929578879228,0,0.0,0.0,0.0,0.0,0.0,1.0,0.0,0.0,0.0,0.0
10,-0.9067984846908305,Femme,Ressources Humaines,11.0,Licence,-0.08062697047899531,Non,-0.05602752236591842,-0.5144126741679413,5.0,0.0,1.0,3.0,3.0,0.45927053764630676,1,0.0,0.0,0.0,0.0,0.0,0.0,0.0,0.0,1.0,0.0
266,-0.47967949761182194,Homme,Ressources Humaines,17.0,Master,1.5391396735146667,Non,-1.73061179157365,1.4450129927683506,0.0,1.0,2.0,2.0,3.0,-0.014354860567385028,1,0.0,0.0,0.0,0.0,0.0,0.0,0.0,0.0,1.0,0.0
277,-1.5901888640172441,Homme,Ressources Humaines,4.0,Secondaire,-1.0188065951910008,Non,-1.554339763235994,1.0355807638562897,0.0,1.0,1.0,2.0,4.0,0.5776768871997298,1,0.0,0.0,0.0,0.0,0.0,0.0,0.0,0.0,1.0,0.0
88,-0.3942557001960202,Femme,Marketing,0.0,Secondaire,-1.2834615018992976,Non,0.12024450597173755,-0.806864266247985,0.0,1.0,2.0,3.0,0.0,1.1697086349668444,0,0.0,0.0,0.0,0.0,0.0,1.0,0.0,0.0,0.0,0.0
275,-1.1630698769382355,Homme,Administration,5.0,Secondaire,-0.8926857058610156,Non,1.7066927610106413,-0.030571112343143542,4.0,1.0,1.0,3.0,1.0,0.6960832367531526,0,1.0,0.0,0.0,0.0,0.0,0.0,0.0,0.0,0.0,0.0
443,0.9725250584568071,Femme,Finance,30.0,Master,1.988563344945649,Oui,-0.05602752236591842,1.2987871967283289,7.0,2.0,1.0,3.0,1.0,0.8144895863065756,1,0.0,0.0,1.0,0.0,0.0,0.0,0.0,0.0,0.0,0.0
212,0.024056709829812936,Homme,Informatique,4.0,Licence,-0.542515125871111,Non,-0.4967075932100583,-1.0115803807040156,3.0,1.0,2.0,1.0,3.0,-1.1984183561016146,0,0.0,0.0,0.0,1.0,0.0,0.0,0.0,0.0,0.0,0.0
471,0.6308298687936003,Homme,Ressources Humaines,9.0,Master,0.05854466806394082,Oui,-0.8492516498853703,0.8308646494002592,5.0,1.0,1.0,4.0,4.0,-1.4352310552084604,1,0.0,0.0,0.0,0.0,0.0,0.0,0.0,0.0,1.0,0.0
61,-0.9922222821066322,Femme,Production,8.0,Master,-0.12047569662074577,Non,0.8253326193223615,-1.5379932464480939,4.0,2.0,1.0,0.0,1.0,-0.25116755967423093,0,0.0,0.0,0.0,0.0,0.0,0.0,1.0,0.0,0.0,0.0
56,-1.5047650666014425,Homme,Informatique,4.0,Secondaire,-0.9437230966019224,Non,0.7371966051535335,0.5384130573202156,0.0,0.0,5.0,3.0,3.0,-1.4352310552084604,1,0.0,0.0,0.0,1.0,0.0,0.0,0.0,0.0,0.0,0.0
82,-1.0776460795224339,Homme,Logistique,0.0,Licence,0.012164619119581868,Non,-1.4662037490671662,-1.8011996793201333,0.0,1.0,1.0,3.0,1.0,0.45927053764630676,0,0.0,0.0,0.0,0.0,1.0,0.0,0.0,0.0,0.0,0.0
252,-1.1630698769382355,Femme,Recherche et Développement,6.0,Master,0.20881668519862379,Oui,0.2965165343093935,-1.5964835648641027,5.0,1.0,5.0,3.0,4.0,1.0513022854134215,1,0.0,0.0,0.0,0.0,0.0,0.0,0.0,1.0,0.0,0.0
6,1.4850678429516173,Femme,Production,18.0,Licence,0.06044945309961979,Non,1.2660126901665014,0.8601098086082635,11.0,2.0,2.0,0.0,1.0,1.7617403827339593,0,0.0,0.0,0.0,0.0,0.0,0.0,1.0,0.0,0.0,0.0
89,-1.1630698769382355,Homme,Support Client,5.0,Licence,-0.9726601338540366,Non,-0.020591392957833063,-1.5964835648641027,5.0,1.2,5.0,3.0,3.0,1.7617403827339593,1,0.0,0.0,0.0,0.0,0.0,0.0,0.0,0.0,0.0,1.0
312,-0.05256051053281337,Femme,Production,13.0,Master,0.557419467266099,Non,-1.0255236782230261,-1.304031972784059,10.0,1.0,2.0,4.0,2.0,0.5776768871997298,1,0.0,0.0,0.0,0.0,0.0,0.0,1.0,0.0,0.0,0.0
384,0.024056709829812936,Homme,Support Client,3.0,Licence,-1.099138206442757,Non,0.5609245768158775,1.2402968783123203,0.0,1.0,4.0,2.0,3.0,-0.132761210120808,1,0.0,0.0,0.0,0.0,0.0,0.0,0.0,0.0,0.0,1.0
93,-1.4193412691856406,Homme,Finance,5.0,Licence,-0.6184462855378664,Non,-0.05602752236591842,-0.36818687812791956,4.0,2.0,5.0,3.0,4.0,1.1697086349668444,1,0.0,0.0,1.0,0.0,0.0,0.0,0.0,0.0,0.0,0.0
316,-1.5901888640172441,Homme,Production,2.0,Licence,-1.0769616846338463,Oui,-0.05602752236591842,0.4506775796962025,2.0,0.0,1.0,1.0,0.0,1.0513022854134215,0,0.0,0.0,0.0,0.0,0.0,0.0,1.0,0.0,0.0,0.0
145,0.5454060713777986,Homme,Marketing,10.8,Master,-0.969757659231357,Oui,-1.4662037490671662,1.1233162414803026,1.0,1.2,1.0,2.0,3.0,4.921082158802247e-05,1,0.0,0.0,0.0,0.0,0.0,1.0,0.0,0.0,0.0,0.0
249,0.9725250584568071,Femme,Ressources Humaines,10.0,Master,0.4108831600135686,Non,-0.40857157904123037,-1.2747868135760547,0.0,1.0,2.0,3.0,3.0,0.3408641880928838,1,0.0,0.0,0.0,0.0,0.0,0.0,0.0,0.0,1.0,0.0
161,-1.1630698769382355,Femme,Production,8.0,Doctorat,-0.053553171906132076,Non,-0.020591392957833063,1.6204839480163769,6.0,1.2,4.0,1.0,3.0,1.2881149845202675,1,0.0,0.0,0.0,0.0,0.0,0.0,1.0,0.0,0.0,0.0
199,-1.333917471769839,Homme,Ressources Humaines,1.0,Licence,-1.1333175860302676,Oui,-0.1441635365347464,0.09973566920015016,1.0,0.0,3.0,0.0,1.0,4.921082158802247e-05,0,0.0,0.0,0.0,0.0,0.0,0.0,0.0,0.0,1.0,0.0
500,0.024056709829812936,Homme,Production,9.0,Master,-0.37222526636358966,Non,-0.8492516498853703,-1.6549738832801113,1.0,0.0,2.0,4.0,2.0,-0.014354860567385028,1,0.0,0.0,0.0,0.0,0.0,0.0,1.0,0.0,0.0,0.0
311,0.9725250584568071,Homme,Finance,25.0,Master,1.988563344945649,Non,0.4727885626470495,-1.0993158583280285,24.0,2.0,2.0,3.0,4.0,-0.9616056569947686,1,0.0,0.0,1.0,0.0,0.0,0.0,0.0,0.0,0.0,0.0
106,1.1433726532884105,Homme,Production,14.0,Master,0.4645385482421687,Oui,0.20838052014056554,-0.10498044525588035,5.0,0.0,2.0,0.0,2.0,-0.48798025878107687,0,0.0,0.0,0.0,0.0,0.0,0.0,1.0,0.0,0.0,0.0
317,-0.3088319027802185,Homme,Commercial,14.0,Licence,0.08205932876947056,Non,1.6185567468418132,-1.0115803807040156,6.0,2.0,4.0,3.0,0.0,1.6433340331805364,0,0.0,1.0,0.0,0.0,0.0,0.0,0.0,0.0,0.0,0.0
243,1.1433726532884105,Femme,Ressources Humaines,19.0,Master,1.3512243493252873,Non,-1.6424757774048222,-1.6549738832801113,18.0,0.0,5.0,1.0,1.0,0.10405148898603793,0,0.0,0.0,0.0,0.0,0.0,0.0,0.0,0.0,1.0,0.0
187,-1.6756126614330458,Homme,Marketing,1.0,Licence,-1.0452825878574832,Oui,-0.05602752236591842,1.3280323559363332,1.0,1.0,3.0,1.0,4.0,-1.3168247056550375,1,0.0,0.0,0.0,0.0,0.0,1.0,0.0,0.0,0.0,0.0
458,0.11828708429879005,Homme,Ressources Humaines,7.0,Master,-0.23664104029166722,Non,0.4727885626470495,-0.5144126741679413,7.0,1.0,4.0,3.0,3.0,-0.25116755967423093,1,0.0,0.0,0.0,0.0,0.0,0.0,0.0,0.0,1.0,0.0
453,-0.7359508898592271,Femme,Commercial,0.0,Licence,-1.1578039698500304,Non,0.6490605909847055,-1.216296495160046,0.0,0.0,1.0,3.0,3.0,-0.7247929578879228,0,0.0,1.0,0.0,0.0,0.0,0.0,0.0,0.0,0.0,0.0
289,1.057948855872609,Homme,Support Client,21.0,Master,0.712151370356784,Non,1.0016046476600173,0.27520662444817634,13.0,4.0,4.0,2.0,1.0,-1.7904501038687293,1,0.0,0.0,0.0,0.0,0.0,0.0,0.0,0.0,0.0,1.0
28,0.5454060713777986,Femme,Informatique,9.0,Licence,0.14424210665492126,Non,1.7066927610106413,0.8601098086082635,8.0,2.0,5.0,1.0,0.0,1.0513022854134215,0,0.0,0.0,0.0,1.0,0.0,0.0,0.0,0.0,0.0,0.0
104,0.20371088171459176,Homme,Production,10.8,Master,0.13622596799522654,Non,1.7948287751794691,1.064825923064294,5.0,0.0,5.0,3.0,3.0,-1.6720437543153064,0,0.0,0.0,0.0,0.0,0.0,0.0,1.0,0.0,0.0,0.0
279,0.9725250584568071,Homme,Marketing,11.0,Secondaire,-0.5601659799930085,Non,-1.554339763235994,-1.1870513359520416,0.0,0.0,4.0,0.0,2.0,0.5776768871997298,0,0.0,0.0,0.0,0.0,0.0,1.0,0.0,0.0,0.0,0.0
99,-1.1630698769382355,Homme,Production,2.0,Secondaire,-1.0644516150871879,Non,-0.7611156357165423,1.70821942564039,0.0,0.0,4.0,3.0,0.0,0.45927053764630676,1,0.0,0.0,0.0,0.0,0.0,0.0,1.0,0.0,0.0,0.0
456,-1.6756126614330458,Femme,Production,3.0,Licence,-0.9390439382092169,Non,-1.1136596923918543,-1.1578061767440373,1.0,1.0,2.0,3.0,3.0,-0.8431993074413457,1,0.0,0.0,0.0,0.0,0.0,0.0,1.0,0.0,0.0,0.0
505,-0.8213746872750287,Femme,Production,12.0,Licence,0.4823417390043024,Oui,0.9134686334911895,0.5969033757362243,5.0,0.0,5.0,3.0,2.0,-1.4352310552084604,1,0.0,0.0,0.0,0.0,0.0,0.0,1.0,0.0,0.0,0.0
234,0.3745584765461952,Homme,Support Client,18.0,Master,0.7499418207571631,Non,0.9134686334911895,-0.9823352214960112,5.0,0.0,1.0,3.0,4.0,0.5776768871997298,1,0.0,0.0,0.0,0.0,0.0,0.0,0.0,0.0,0.0,1.0
368,0.024056709829812936,Femme,Support Client,10.8,Secondaire,-1.0304320735653796,Oui,1.6185567468418132,1.5035033111843594,3.0,1.0,5.0,3.0,2.0,0.9328959358599986,1,0.0,0.0,0.0,0.0,0.0,0.0,0.0,0.0,0.0,1.0
153,0.9725250584568071,Femme,Administration,0.0,Licence,-1.1485495189556896,Non,-0.020591392957833063,0.33369694286418505,0.0,1.0,2.0,3.0,4.0,-0.25116755967423093,1,1.0,0.0,0.0,0.0,0.0,0.0,0.0,0.0,0.0,0.0
245,-0.47967949761182194,Femme,Logistique,1.0,Licence,-1.1286251558848144,Non,0.2965165343093935,1.4157678335603463,1.0,0.0,2.0,1.0,0.0,-1.6720437543153064,0,0.0,0.0,0.0,0.0,1.0,0.0,0.0,0.0,0.0,0.0
401,-0.47967949761182194,Femme,Logistique,3.0,Licence,-0.9594333896589947,Non,-1.3780677348983381,-0.8653545846639937,3.0,2.0,3.0,0.0,3.0,-0.48798025878107687,1,0.0,0.0,0.0,0.0,1.0,0.0,0.0,0.0,0.0,0.0
55,-1.333917471769839,Homme,Logistique,2.0,Secondaire,-1.1738945274749648,Non,-1.3780677348983381,-1.1870513359520416,1.0,0.0,4.0,3.0,3.0,0.45927053764630676,1,0.0,0.0,0.0,0.0,1.0,0.0,0.0,0.0,0.0,0.0
465,0.3745584765461952,Femme,Ressources Humaines,20.0,Master,0.9677151264328112,Non,-0.1441635365347464,-0.3389417189199152,13.0,4.0,3.0,4.0,3.0,-0.9616056569947686,1,0.0,0.0,0.0,0.0,0.0,0.0,0.0,0.0,1.0,0.0
320,-1.5901888640172441,Homme,Commercial,1.0,Licence,-1.0111095556299823,Non,1.3541487043353293,-0.075735286047876,1.0,1.0,5.0,2.0,4.0,-1.7904501038687293,1,0.0,1.0,0.0,0.0,0.0,0.0,0.0,0.0,0.0,0.0
254,1.3996440455358157,Homme,Support Client,30.0,Master,1.951524191157343,Non,-0.8492516498853703,-0.030571112343143542,15.0,3.0,1.0,2.0,1.0,-0.48798025878107687,1,0.0,0.0,0.0,0.0,0.0,0.0,0.0,0.0,0.0,1.0
204,-1.0776460795224339,Homme,Informatique,0.0,Licence,-1.0511637054229601,Non,1.3541487043353293,1.6497291072243812,0.0,0.0,5.0,2.0,3.0,1.5249276836271133,1,0.0,0.0,0.0,1.0,0.0,0.0,0.0,0.0,0.0,0.0
380,0.3745584765461952,Homme,Recherche et Développement,23.0,Licence,1.7958574950470279,Oui,-0.3204355648724024,1.6204839480163769,23.0,6.0,1.0,1.0,2.0,1.1697086349668444,1,0.0,0.0,0.0,0.0,0.0,0.0,0.0,1.0,0.0,0.0
78,-0.5651032950276236,Homme,Administration,10.8,Secondaire,-0.7347247276235086,Oui,-0.8492516498853703,-0.57290299258395,2.0,1.0,2.0,4.0,1.0,-1.0800120065481915,1,1.0,0.0,0.0,0.0,0.0,0.0,0.0,0.0,0.0,0.0
50,-0.3942557001960202,Femme,Recherche et Développement,1.0,Master,-0.9133971415731105,Non,1.2660126901665014,0.041245350784141446,1.0,0.0,2.0,2.0,2.0,0.10405148898603793,0,0.0,0.0,0.0,0.0,0.0,0.0,0.0,1.0,0.0,0.0
137,1.2287964507042122,Femme,Finance,34.0,Doctorat,1.988563344945649,Non,-0.40857157904123037,1.3572775151443377,24.0,6.0,1.0,2.0,2.0,0.45927053764630676,1,0.0,0.0,1.0,0.0,0.0,0.0,0.0,0.0,0.0,0.0
233,-0.47967949761182194,Femme,Logistique,9.0,Master,-0.047118679954342865,Non,0.8253326193223615,-0.030571112343143542,7.0,0.0,2.0,2.0,1.0,4.921082158802247e-05,0,0.0,0.0,0.0,0.0,1.0,0.0,0.0,0.0,0.0,0.0
12,1.2287964507042122,Femme,Support Client,30.0,Licence,0.8580298602992041,Non,1.2660126901665014,-0.030571112343143542,11.0,1.0,2.0,4.0,2.0,0.9328959358599986,1,0.0,0.0,0.0,0.0,0.0,0.0,0.0,0.0,0.0,1.0
43,-1.6756126614330458,Femme,Marketing,10.8,Secondaire,-1.2701078105040589,Non,-1.0255236782230261,1.2695420375203246,0.0,1.0,5.0,3.0,1.0,-1.7904501038687293,1,0.0,0.0,0.0,0.0,0.0,1.0,0.0,0.0,0.0,0.0
365,-1.4193412691856406,Homme,Logistique,5.0,Licence,-0.8157130021199188,Oui,0.03210849180290957,0.39218726128019377,0.0,0.0,3.0,3.0,2.0,0.22245783853946088,1,0.0,0.0,0.0,0.0,1.0,0.0,0.0,0.0,0.0,0.0
7,-0.2234081053644168,Homme,Production,11.0,Secondaire,-0.49430519549822194,Non,-0.020591392957833063,-0.25120624129590213,8.0,1.0,3.0,3.0,3.0,-1.4352310552084604,1,0.0,0.0,0.0,0.0,0.0,0.0,1.0,0.0,0.0,0.0
402,1.314220248120014,Femme,Ressources Humaines,18.0,Licence,0.012164619119581868,Non,-1.0255236782230261,-1.2747868135760547,11.0,3.0,2.0,3.0,1.0,0.9328959358599986,0,0.0,0.0,0.0,0.0,0.0,0.0,0.0,0.0,1.0,0.0
208,-1.5901888640172441,Femme,Commercial,2.0,Licence,-0.9491968290613138,Oui,1.6185567468418132,-1.3625222912000678,0.0,0.0,2.894845360824742,3.0,0.0,0.8144895863065756,0,0.0,1.0,0.0,0.0,0.0,0.0,0.0,0.0,0.0,0.0
190,-1.333917471769839,Femme,Commercial,3.0,Master,0.012164619119581868,Non,1.3541487043353293,-1.5087480872400896,3.0,1.0,1.0,0.0,2.0,-1.5536374047618835,0,0.0,1.0,0.0,0.0,0.0,0.0,0.0,0.0,0.0,0.0
186,-0.2234081053644168,Femme,Production,8.0,Secondaire,-0.8082964004647896,Oui,0.7371966051535335,-0.8653545846639937,0.0,1.0,3.0,0.0,3.0,0.5776768871997298,0,0.0,0.0,0.0,0.0,0.0,0.0,1.0,0.0,0.0,0.0
421,-0.9922222821066322,Femme,Logistique,7.0,Doctorat,0.05424750533728184,Non,0.7371966051535335,-0.806864266247985,6.0,0.0,2.0,4.0,1.0,1.1697086349668444,0,0.0,0.0,0.0,0.0,1.0,0.0,0.0,0.0,0.0,0.0
87,-0.9067984846908305,Homme,Logistique,8.0,Licence,-0.44662151897342117,Oui,1.0016046476600173,-0.04649012683987163,7.0,3.0,5.0,0.0,1.0,-0.6063866083344998,0,0.0,0.0,0.0,0.0,1.0,0.0,0.0,0.0,0.0,0.0
288,0.45998227396199687,Femme,Informatique,24.0,Licence,1.988563344945649,Oui,0.3846525484782215,1.386522674352342,10.0,1.0,1.0,3.0,1.0,-0.8431993074413457,1,0.0,0.0,0.0,1.0,0.0,0.0,0.0,0.0,0.0,0.0
37,-0.3088319027802185,Homme,Informatique,17.0,Licence,0.993629089222059,Non,0.9134686334911895,0.47992273890420684,0.0,0.0,2.894845360824742,3.0,4.0,-1.6720437543153064,1,0.0,0.0,0.0,1.0,0.0,0.0,0.0,0.0,0.0,0.0
271,0.9725250584568071,Femme,Administration,27.0,Licence,1.387703204334543,Oui,-1.4662037490671662,1.5912387888083726,9.0,1.0,5.0,4.0,4.0,-0.48798025878107687,1,1.0,0.0,0.0,0.0,0.0,0.0,0.0,0.0,0.0,0.0
313,0.8871012610410054,Homme,Recherche et Développement,6.0,Licence,-0.35745207445706045,Non,-0.020591392957833063,-0.017244967631867274,5.0,1.0,2.0,4.0,2.0,0.9328959358599986,1,0.0,0.0,0.0,0.0,0.0,0.0,0.0,1.0,0.0,0.0
159,1.4850678429516173,Femme,Ressources Humaines,25.0,Licence,1.361297609660897,Non,1.3541487043353293,-0.6898836294159675,23.0,2.0,3.0,0.0,1.0,-0.48798025878107687,0,0.0,0.0,0.0,0.0,0.0,0.0,0.0,0.0,1.0,0.0
127,0.8871012610410054,Homme,Ressources Humaines,16.0,Licence,0.7309101273167621,Non,-0.8492516498853703,-0.7776191070399806,14.0,2.0,3.0,4.0,2.0,-0.8431993074413457,1,0.0,0.0,0.0,0.0,0.0,0.0,0.0,0.0,1.0,0.0
111,-1.7610364588488476,Homme,Recherche et Développement,2.0,Licence,-0.9601315992600767,Non,0.8253326193223615,-0.6898836294159675,2.0,0.0,2.0,2.0,3.0,-0.48798025878107687,0,0.0,0.0,0.0,0.0,0.0,0.0,0.0,1.0,0.0,0.0
197,-1.4193412691856406,Femme,Marketing,6.0,Secondaire,0.012164619119581868,Non,1.3541487043353293,0.743129171776246,6.0,3.0,3.0,3.0,4.0,0.5776768871997298,1,0.0,0.0,0.0,0.0,0.0,1.0,0.0,0.0,0.0,0.0
18,0.20371088171459176,Femme,Production,11.0,Master,0.09693292437070082,Oui,-1.73061179157365,-1.0993158583280285,0.0,0.0,1.0,2.0,3.0,-0.132761210120808,1,0.0,0.0,0.0,0.0,0.0,0.0,1.0,0.0,0.0,0.0
269,0.9725250584568071,Femme,Administration,10.8,Licence,-0.9136083355516196,Non,-1.6424757774048222,0.4506775796962025,5.350515463917525,2.0,4.0,2.0,0.0,1.5249276836271133,0,1.0,0.0,0.0,0.0,0.0,0.0,0.0,0.0,0.0,0.0
25,0.03286328688298834,Femme,Finance,6.0,Licence,-0.27271654942393425,Oui,1.4422847185041574,0.4506775796962025,6.0,3.0,2.0,1.0,4.0,1.1697086349668444,1,0.0,0.0,1.0,0.0,0.0,0.0,0.0,0.0,0.0,0.0
507,-1.5047650666014425,Homme,Informatique,0.0,Licence,-1.1391029161628692,Non,0.12024450597173755,0.5676582165282199,0.0,1.0,4.0,1.0,3.0,-1.1984183561016146,1,0.0,0.0,0.0,1.0,0.0,0.0,0.0,0.0,0.0,0.0
419,1.314220248120014,Femme,Ressources Humaines,5.0,Secondaire,-0.9812204143763927,Non,0.2965165343093935,-1.0115803807040156,3.0,0.0,1.0,2.0,1.0,-0.9616056569947686,0,0.0,0.0,0.0,0.0,0.0,0.0,0.0,0.0,1.0,0.0
397,0.6308298687936003,Femme,Finance,12.0,Secondaire,-0.2944262517557579,Non,-0.020591392957833063,0.8601098086082635,1.0,1.0,4.0,1.0,3.0,1.2881149845202675,0,0.0,0.0,1.0,0.0,0.0,0.0,0.0,0.0,0.0,0.0
182,1.314220248120014,Homme,Marketing,18.0,Doctorat,1.988563344945649,Oui,-0.6729796215477143,1.3280323559363332,8.0,1.0,1.0,4.0,3.0,-1.5536374047618835,1,0.0,0.0,0.0,0.0,0.0,1.0,0.0,0.0,0.0,0.0
265,1.1433726532884105,Femme,Production,28.0,Master,1.988563344945649,Oui,1.0016046476600173,0.12898082840815453,19.0,6.0,1.0,2.0,4.0,0.45927053764630676,1,0.0,0.0,0.0,0.0,0.0,0.0,1.0,0.0,0.0,0.0
303,-1.333917471769839,Femme,Finance,6.0,Licence,-0.3434013275261962,Non,1.0016046476600173,-0.7776191070399806,3.0,0.0,1.0,4.0,1.0,0.10405148898603793,0,0.0,0.0,1.0,0.0,0.0,0.0,0.0,0.0,0.0,0.0
216,0.8871012610410054,Homme,Commercial,10.0,Master,0.25479638407714766,Non,-1.4662037490671662,1.6497291072243812,5.350515463917525,1.0,2.894845360824742,3.0,1.0,-1.6720437543153064,1,0.0,1.0,0.0,0.0,0.0,0.0,0.0,0.0,0.0,0.0
457,1.1433726532884105,Homme,Support Client,28.0,Licence,0.9942217018338864,Oui,-0.020591392957833063,0.8308646494002592,5.350515463917525,2.0,2.0,2.0,1.0,0.5776768871997298,1,0.0,0.0,0.0,0.0,0.0,0.0,0.0,0.0,0.0,1.0
375,0.716253666209402,Homme,Administration,2.0,Secondaire,-1.1592973305505265,Non,0.20838052014056554,1.1818065598963114,1.0,0.0,1.0,2.0,4.0,0.8144895863065756,1,1.0,0.0,0.0,0.0,0.0,0.0,0.0,0.0,0.0,0.0
58,-0.3088319027802185,Femme,Production,19.0,Licence,1.5319169548562015,Non,1.1778766759976733,1.4742581519763551,14.0,2.0,4.0,0.0,0.0,0.6960832367531526,0,0.0,0.0,0.0,0.0,0.0,0.0,1.0,0.0,0.0,0.0
310,1.1433726532884105,Homme,Production,1.0,Master,-1.1029829755105331,Oui,-0.7611156357165423,-0.57290299258395,1.0,0.0,3.0,3.0,2.0,0.9328959358599986,1,0.0,0.0,0.0,0.0,0.0,0.0,1.0,0.0,0.0,0.0
399,-0.8213746872750287,Femme,Recherche et Développement,4.0,Licence,-0.5978866094332794,Oui,-0.05602752236591842,-0.075735286047876,2.0,1.0,5.0,2.0,3.0,-0.014354860567385028,1,0.0,0.0,0.0,0.0,0.0,0.0,0.0,1.0,0.0,0.0
66,-1.1630698769382355,Homme,Support Client,10.8,Licence,-0.9545678496950913,Non,-1.2899317207295102,1.1525614006883071,5.0,0.0,1.0,1.0,0.0,0.6960832367531526,0,0.0,0.0,0.0,0.0,0.0,0.0,0.0,0.0,0.0,1.0
16,0.024056709829812936,Femme,Ressources Humaines,4.0,Licence,-0.7451390143014649,Non,-0.3204355648724024,-0.16347076367188906,1.0,0.0,5.0,3.0,1.0,-0.8431993074413457,1,0.0,0.0,0.0,0.0,0.0,0.0,0.0,0.0,1.0,0.0
121,0.45998227396199687,Homme,Administration,7.0,Secondaire,-0.9878101281320588,Non,-0.5848436073788863,-1.1870513359520416,5.0,0.0,3.0,3.0,3.0,1.4065213340736904,1,1.0,0.0,0.0,0.0,0.0,0.0,0.0,0.0,0.0,0.0
378,-0.2234081053644168,Homme,Recherche et Développement,4.0,Secondaire,-0.8999084245194808,Oui,1.0016046476600173,1.386522674352342,0.0,0.0,3.0,2.0,1.0,-0.6063866083344998,1,0.0,0.0,0.0,0.0,0.0,0.0,0.0,1.0,0.0,0.0
69,1.5704916403674192,Homme,Production,25.0,Master,1.988563344945649,Oui,-0.4967075932100583,-0.8653545846639937,11.0,3.0,5.0,3.0,2.0,0.10405148898603793,1,0.0,0.0,0.0,0.0,0.0,0.0,1.0,0.0,0.0,0.0
164,1.314220248120014,Femme,Administration,26.0,Master,1.988563344945649,Non,-0.40857157904123037,1.6497291072243812,15.0,6.0,5.0,3.0,2.0,0.5776768871997298,1,1.0,0.0,0.0,0.0,0.0,0.0,0.0,0.0,0.0,0.0
214,-0.2234081053644168,Homme,Recherche et Développement,13.0,Licence,0.3736074228067144,Non,-0.020591392957833063,0.8601098086082635,12.0,1.0,3.0,1.0,2.0,0.8144895863065756,1,0.0,0.0,0.0,0.0,0.0,0.0,0.0,1.0,0.0,0.0
446,-0.8213746872750287,Homme,Informatique,4.0,Licence,-0.6192679801427761,Non,-1.4662037490671662,-0.9530900622880067,3.0,1.0,3.0,2.0,2.0,1.4065213340736904,0,0.0,0.0,0.0,1.0,0.0,0.0,0.0,0.0,0.0,0.0
96,0.5454060713777986,Femme,Ressources Humaines,27.0,Master,1.988563344945649,Non,-0.6729796215477143,-1.0408255399120199,18.0,6.0,1.0,2.0,2.0,0.45927053764630676,1,0.0,0.0,0.0,0.0,0.0,0.0,0.0,0.0,1.0,0.0
33,-1.2484936743540374,Femme,Informatique,2.0,Master,0.012164619119581868,Oui,0.4727885626470495,-0.9530900622880067,2.0,1.0,1.0,2.0,2.0,0.10405148898603793,0,0.0,0.0,0.0,1.0,0.0,0.0,0.0,0.0,0.0,0.0
381,1.314220248120014,Femme,Administration,30.0,Master,1.988563344945649,Non,1.7948287751794691,-0.5144126741679413,5.350515463917525,1.0,3.0,2.0,2.0,1.1697086349668444,0,1.0,0.0,0.0,0.0,0.0,0.0,0.0,0.0,0.0,0.0
132,1.314220248120014,Homme,Production,12.0,Master,0.7137058965264657,Non,-0.3204355648724024,-1.8011996793201333,7.0,0.0,3.0,3.0,3.0,4.921082158802247e-05,1,0.0,0.0,0.0,0.0,0.0,0.0,1.0,0.0,0.0,0.0
415,1.4850678429516173,Homme,Recherche et Développement,35.0,Licence,1.988563344945649,Oui,0.20838052014056554,0.7138840125682417,23.0,0.0,5.0,3.0,1.0,0.3408641880928838,1,0.0,0.0,0.0,0.0,0.0,0.0,0.0,1.0,0.0,0.0
460,0.3745584765461952,Femme,Production,8.0,Licence,-0.575603913602386,Oui,0.20838052014056554,0.5676582165282199,2.0,1.0,5.0,3.0,1.0,-0.132761210120808,1,0.0,0.0,0.0,0.0,0.0,0.0,1.0,0.0,0.0,0.0
